document_id,document_type,related_vendor_id,related_employee_id,related_transaction_id,related_contract_id,related_investigation_id,creation_date,file_name
AR-02301,AUDIT_REPORT,VND-01640,EMP-46132,TXN-C1011463560,,,2024-07-04,AR-02301_Vendor_Risk_Audit.pdf
AR-02302,AUDIT_REPORT,VND-03433,EMP-47008,TXN-200588,,,2023-08-28,AR-02302_Approval_Controls_Audit.pdf
AR-02303,AUDIT_REPORT,VND-04833,EMP-22692,TXN-C1919940157,,,2023-03-09,AR-02303_Expense_Audit.pdf
AR-02304,AUDIT_REPORT,VND-01422,EMP-32973,TXN-C797962182,,,2024-10-22,AR-02304_Financial_Transaction_Audit.pdf
AR-02305,AUDIT_REPORT,VND-01391,EMP-618,TXN-C27813796,,,2024-09-14,AR-02305_Expense_Audit.pdf
AR-02306,AUDIT_REPORT,VND-03349,EMP-22569,TXN-263599,,,2024-02-20,AR-02306_Vendor_Risk_Audit.pdf
AR-02307,AUDIT_REPORT,VND-02704,EMP-38261,TXN-EXT-002230,,,2025-07-30,AR-02307_Contract_Compliance_Audit.pdf
AR-02308,AUDIT_REPORT,VND-00656,EMP-31551,TXN-C1588885067,,,2023-04-26,AR-02308_Financial_Transaction_Audit.pdf
AR-02309,AUDIT_REPORT,VND-04430,EMP-30091,TXN-277496,,,2024-03-12,AR-02309_Financial_Transaction_Audit.pdf
AR-02310,AUDIT_REPORT,VND-03277,EMP-34864,TXN-711909,,,2025-11-07,AR-02310_Vendor_Risk_Audit.pdf
AR-02311,AUDIT_REPORT,VND-04255,EMP-63414,TXN-C1149993098,,,2024-01-21,AR-02311_Financial_Transaction_Audit.pdf
AR-02312,AUDIT_REPORT,VND-00283,EMP-8066,TXN-431611,,,2025-01-25,AR-02312_Anti-Fraud_Investigation_Audit.pdf
AR-02313,AUDIT_REPORT,VND-00855,EMP-45839,TXN-624613,,,2024-08-06,AR-02313_Vendor_Risk_Audit.pdf
AR-02314,AUDIT_REPORT,VND-04556,EMP-9678,TXN-176694,,,2023-04-23,AR-02314_Financial_Transaction_Audit.pdf
AR-02315,AUDIT_REPORT,VND-04807,EMP-15033,TXN-C2076829355,,,2024-04-03,AR-02315_Anti-Fraud_Investigation_Audit.pdf
AR-02316,AUDIT_REPORT,VND-02775,EMP-43602,TXN-773410,,,2025-10-25,AR-02316_Procurement_Compliance_Audit.pdf
AR-02317,AUDIT_REPORT,VND-04299,EMP-66228,TXN-C898935515,,,2023-04-11,AR-02317_Vendor_Risk_Audit.pdf
AR-02318,AUDIT_REPORT,VND-03844,EMP-4918,TXN-C88469686,,,2023-08-02,AR-02318_Anti-Fraud_Investigation_Audit.pdf
AR-02319,AUDIT_REPORT,VND-01926,EMP-51356,TXN-C877915704,,,2026-02-01,AR-02319_Contract_Compliance_Audit.pdf
AR-02320,AUDIT_REPORT,VND-02405,EMP-47801,TXN-EXT-004820,,,2025-03-31,AR-02320_Approval_Controls_Audit.pdf
AR-02321,AUDIT_REPORT,VND-03370,EMP-67308,TXN-799897,,,2025-05-10,AR-02321_Anti-Fraud_Investigation_Audit.pdf
AR-02322,AUDIT_REPORT,VND-04951,EMP-9192,TXN-C1850306068,,,2023-11-06,AR-02322_Vendor_Risk_Audit.pdf
AR-02323,AUDIT_REPORT,VND-01907,EMP-49766,TXN-C1902665544,,,2024-09-19,AR-02323_Vendor_Risk_Audit.pdf
AR-02324,AUDIT_REPORT,VND-00976,EMP-56761,TXN-838174,,,2025-02-27,AR-02324_Anti-Fraud_Investigation_Audit.pdf
AR-02325,AUDIT_REPORT,VND-01793,EMP-47866,TXN-C1864477227,,,2024-12-23,AR-02325_Procurement_Compliance_Audit.pdf
AR-02326,AUDIT_REPORT,VND-01611,EMP-14064,TXN-681509,,,2025-02-06,AR-02326_Vendor_Risk_Audit.pdf
AR-02327,AUDIT_REPORT,VND-03428,EMP-68410,TXN-C731498509,,,2023-11-26,AR-02327_Anti-Fraud_Investigation_Audit.pdf
AR-02328,AUDIT_REPORT,VND-01832,EMP-63706,TXN-C1105358070,,,2024-11-25,AR-02328_Contract_Compliance_Audit.pdf
AR-02329,AUDIT_REPORT,VND-01790,EMP-32254,TXN-C1670993182,,,2024-10-07,AR-02329_Procurement_Compliance_Audit.pdf
AR-02330,AUDIT_REPORT,VND-04728,EMP-RM704,TXN-C455980347,,,2024-09-10,AR-02330_Anti-Fraud_Investigation_Audit.pdf
AR-02331,AUDIT_REPORT,VND-01674,EMP-66546,TXN-868769,,,2023-06-12,AR-02331_Procurement_Compliance_Audit.pdf
AR-02332,AUDIT_REPORT,VND-01916,EMP-64426,TXN-EXT-004243,,,2023-08-03,AR-02332_Financial_Transaction_Audit.pdf
AR-02333,AUDIT_REPORT,VND-01893,EMP-9925,TXN-C1234453970,,,2025-09-07,AR-02333_Approval_Controls_Audit.pdf
AR-02334,AUDIT_REPORT,VND-02719,EMP-RM1422,TXN-EXT-000658,,,2025-02-21,AR-02334_Procurement_Compliance_Audit.pdf
AR-02335,AUDIT_REPORT,VND-01227,EMP-5099,TXN-992753,,,2024-01-31,AR-02335_Approval_Controls_Audit.pdf
AR-02336,AUDIT_REPORT,VND-04300,EMP-56448,TXN-EXT-002064,,,2023-08-16,AR-02336_Vendor_Risk_Audit.pdf
AR-02337,AUDIT_REPORT,VND-04494,EMP-27255,TXN-C449690446,,,2026-01-03,AR-02337_Procurement_Compliance_Audit.pdf
AR-02338,AUDIT_REPORT,VND-01205,EMP-53451,TXN-C211507865,,,2023-06-20,AR-02338_Expense_Audit.pdf
AR-02339,AUDIT_REPORT,VND-00982,EMP-70956,TXN-499570,,,2024-01-02,AR-02339_Anti-Fraud_Investigation_Audit.pdf
AR-02340,AUDIT_REPORT,VND-04686,EMP-25967,TXN-301505,,,2025-05-08,AR-02340_Financial_Transaction_Audit.pdf
AR-02341,AUDIT_REPORT,VND-02341,EMP-39387,TXN-C650223050,,,2026-02-07,AR-02341_Vendor_Risk_Audit.pdf
AR-02342,AUDIT_REPORT,VND-00756,EMP-45661,TXN-801386,,,2026-01-04,AR-02342_Approval_Controls_Audit.pdf
AR-02343,AUDIT_REPORT,VND-00381,EMP-14769,TXN-C643914817,,,2026-02-08,AR-02343_Vendor_Risk_Audit.pdf
AR-02344,AUDIT_REPORT,VND-01968,EMP-40139,TXN-C1088417975,,,2024-07-25,AR-02344_Procurement_Compliance_Audit.pdf
AR-02345,AUDIT_REPORT,VND-01252,EMP-72890,TXN-C1655072591,,,2024-02-21,AR-02345_Contract_Compliance_Audit.pdf
AR-02346,AUDIT_REPORT,VND-01166,EMP-67574,TXN-C908399435,,,2024-08-27,AR-02346_Procurement_Compliance_Audit.pdf
AR-02347,AUDIT_REPORT,VND-04355,EMP-39512,TXN-436754,,,2024-09-05,AR-02347_Financial_Transaction_Audit.pdf
AR-02348,AUDIT_REPORT,VND-03758,EMP-43895,TXN-EXT-003274,,,2024-07-03,AR-02348_Financial_Transaction_Audit.pdf
AR-02349,AUDIT_REPORT,VND-00366,EMP-5519,TXN-697697,,,2024-01-20,AR-02349_Anti-Fraud_Investigation_Audit.pdf
AR-02350,AUDIT_REPORT,VND-00762,EMP-21542,TXN-985527,,,2025-08-28,AR-02350_Procurement_Compliance_Audit.pdf
CON-006253,CONTRACT,VND-02002,EMP-59544,,CON-006253,,2025-04-18,CON-006253_IronPoint_Manufacturing_Holdings.pdf
CON-004685,CONTRACT,VND-00482,EMP-26652,,CON-004685,,2023-04-26,CON-004685_KineticBlue_Ltd.pdf
CON-001732,CONTRACT,VND-03950,EMP-31635,,CON-001732,,2025-12-16,CON-001732_FusionCore_Analytics_Inc.pdf
CON-004743,CONTRACT,VND-02113,EMP-55039,,CON-004743,,2025-12-07,CON-004743_KineticBlue_Ltd.pdf
CON-004522,CONTRACT,VND-02745,EMP-70174,,CON-004522,,2023-09-20,CON-004522_CoreVault_Systems_Ltd.pdf
CON-006341,CONTRACT,VND-03162,EMP-6338,,CON-006341,,2025-12-05,CON-006341_QuantumEdge_Solutions_Group.pdf
CON-000577,CONTRACT,VND-04358,MGR-12.0,,CON-000577,,2025-10-05,CON-000577_NexPoint_Analytics.pdf
CON-005203,CONTRACT,VND-03313,EMP-49963,,CON-005203,,2023-03-21,CON-005203_Alpha_Inc_Inc.pdf
CON-006364,CONTRACT,VND-03166,EMP-2380,,CON-006364,,2024-03-12,CON-006364_XpressCore_Dynamics_Ltd.pdf
CON-000440,CONTRACT,VND-03094,EMP-52981,,CON-000440,,2024-03-27,CON-000440_DawnTech_Services_Ltd.pdf
CON-002751,CONTRACT,VND-02790,EMP-66553,,CON-002751,,2024-12-19,CON-002751_BlueStar_Procurement.pdf
CON-007488,CONTRACT,VND-03867,EMP-42659,,CON-007488,,2025-07-31,CON-007488_BlueStar_Procurement_Group.pdf
CON-005273,CONTRACT,VND-04101,EMP-2505,,CON-005273,,2024-02-03,CON-005273_XcelPath_Networks_Group.pdf
CON-005654,CONTRACT,VND-04542,EMP-16318,,CON-005654,,2024-12-09,CON-005654_XcelPath_Networks_Ltd.pdf
CON-004000,CONTRACT,VND-03716,EMP-34142,,CON-004000,,2026-02-12,CON-004000_FusionCore_Analytics_Inc.pdf
CON-006034,CONTRACT,VND-00139,EMP-RM739,,CON-006034,,2024-10-26,CON-006034_RedPoint_Consulting_Inc.pdf
CON-000583,CONTRACT,VND-03600,EMP-31534,,CON-000583,,2025-03-09,CON-000583_RapidCore_Consulting.pdf
CON-009931,CONTRACT,VND-02772,EMP-28637,,CON-009931,,2023-12-12,CON-009931_ZenithBridge_Corp_Holdings.pdf
CON-007052,CONTRACT,VND-04789,EMP-30180,,CON-007052,,2024-09-11,CON-007052_UnityCore_Technologies_Holdings.pdf
CON-008159,CONTRACT,VND-03511,EMP-59933,,CON-008159,,2025-08-13,CON-008159_FlowBridge_Inc.pdf
CON-009897,CONTRACT,VND-02193,EMP-12969,,CON-009897,,2023-12-19,CON-009897_BridgeTech_Consulting_Group.pdf
CON-002250,CONTRACT,VND-00298,EMP-6372,,CON-002250,,2023-10-06,CON-002250_KryptonPath_Ltd.pdf
CON-004641,CONTRACT,VND-03302,EMP-16650,,CON-004641,,2026-03-03,CON-004641_JetStream_Analytics_Ltd.pdf
CON-009486,CONTRACT,VND-02560,EMP-RM511,,CON-009486,,2025-10-13,CON-009486_SkyBridge_Logistics_Ltd.pdf
CON-004948,CONTRACT,VND-01436,EMP-51033,,CON-004948,,2025-12-05,CON-004948_HarborLight_Services_Inc.pdf
CON-009921,CONTRACT,VND-04754,EMP-40030,,CON-009921,,2023-03-16,CON-009921_LatticeCore_Partners_Inc.pdf
CON-001964,CONTRACT,VND-00041,EMP-RM702,,CON-001964,,2024-05-13,CON-001964_NorthBridge_Supplies_Inc.pdf
CON-008244,CONTRACT,VND-04159,EMP-CORP-00170,,CON-008244,,2023-05-30,CON-008244_Beta_Supplies_Inc.pdf
CON-006591,CONTRACT,VND-01522,EMP-16855,,CON-006591,,2024-04-24,CON-006591_EdgeWave_Technologies_LLC.pdf
CON-008848,CONTRACT,VND-01932,EMP-4783,,CON-008848,,2023-03-28,CON-008848_JadeCore_Solutions_LLC.pdf
CON-000322,CONTRACT,VND-01956,EMP-41644,,CON-000322,,2025-11-02,CON-000322_LatticeCore_Partners_Holdings.pdf
CON-002679,CONTRACT,VND-00169,EMP-8051,,CON-002679,,2025-03-16,CON-002679_SilverPath_Holdings_Group.pdf
CON-004626,CONTRACT,VND-04278,EMP-51673,,CON-004626,,2023-11-09,CON-004626_BlueStar_Procurement.pdf
CON-004950,CONTRACT,VND-03712,EMP-8797,,CON-004950,,2026-02-02,CON-004950_IronPoint_Manufacturing_Ltd.pdf
CON-008329,CONTRACT,VND-03809,EMP-1803,,CON-008329,,2025-02-26,CON-008329_RedPoint_Consulting_Ltd.pdf
CON-003338,CONTRACT,VND-04945,EMP-37468,,CON-003338,,2024-05-18,CON-003338_InnoCore_Dynamics_Holdings.pdf
CON-005590,CONTRACT,VND-01056,EMP-28265,,CON-005590,,2024-07-24,CON-005590_SilverPath_Holdings_Group.pdf
CON-000252,CONTRACT,VND-04195,EMP-73308,,CON-000252,,2025-08-10,CON-000252_WaveCore_Manufacturing_Inc.pdf
CON-003974,CONTRACT,VND-00404,EMP-30463,,CON-003974,,2024-02-16,CON-003974_EcoVenture_Supplies_Group.pdf
CON-006631,CONTRACT,VND-04043,EMP-14364,,CON-006631,,2026-03-31,CON-006631_CoreVault_Systems_Ltd.pdf
CON-005548,CONTRACT,VND-00926,EMP-48044,,CON-005548,,2024-06-09,CON-005548_FlowBridge_Inc.pdf
CON-000036,CONTRACT,VND-01115,EMP-39324,,CON-000036,,2023-11-19,CON-000036_HarborLight_Services_Ltd.pdf
CON-008363,CONTRACT,VND-04126,EMP-72846,,CON-008363,,2024-12-04,CON-008363_Alpha_Inc_Holdings.pdf
CON-001514,CONTRACT,VND-03591,EMP-18215,,CON-001514,,2023-10-16,CON-001514_YellowBridge_Partners_International.pdf
CON-009318,CONTRACT,VND-01011,EMP-65946,,CON-009318,,2024-09-08,CON-009318_FlowBridge_Inc_Holdings.pdf
CON-000040,CONTRACT,VND-02787,EMP-51157,,CON-000040,,2023-06-08,CON-000040_NexPoint_Analytics_Inc.pdf
CON-004820,CONTRACT,VND-03246,EMP-23635,,CON-004820,,2025-07-12,CON-004820_ZenithBridge_Corp_Inc.pdf
CON-003466,CONTRACT,VND-01788,EMP-73918,,CON-003466,,2026-02-07,CON-003466_SilverPath_Holdings_International.pdf
CON-001761,CONTRACT,VND-02719,EMP-63462,,CON-001761,,2024-06-17,CON-001761_XpressCore_Dynamics_International.pdf
CON-002305,CONTRACT,VND-04080,EMP-72943,,CON-002305,,2025-07-13,CON-002305_YellowBridge_Partners_Holdings.pdf
CON-003724,CONTRACT,VND-01046,EMP-14290,,CON-003724,,2025-11-27,CON-003724_DawnTech_Services_Inc.pdf
CON-008285,CONTRACT,VND-02490,EMP-3709,,CON-008285,,2023-02-08,CON-008285_HarborLight_Services_Inc.pdf
CON-004994,CONTRACT,VND-01702,EMP-26337,,CON-004994,,2023-05-12,CON-004994_Apex_Solutions_LLC.pdf
CON-008128,CONTRACT,VND-03242,EMP-RM271,,CON-008128,,2024-09-26,CON-008128_QuantumEdge_Solutions_Holdings.pdf
CON-003033,CONTRACT,VND-01059,EMP-71755,,CON-003033,,2023-12-08,CON-003033_InnoCore_Dynamics_Ltd.pdf
CON-007939,CONTRACT,VND-03965,EMP-CORP-00219,,CON-007939,,2025-06-05,CON-007939_Apex_Solutions_Ltd.pdf
CON-003040,CONTRACT,VND-04137,EMP-29923,,CON-003040,,2025-12-30,CON-003040_OpenBridge_Systems.pdf
CON-009656,CONTRACT,VND-01901,EMP-3393,,CON-009656,,2025-01-24,CON-009656_JetStream_Analytics_Inc.pdf
CON-002546,CONTRACT,VND-00161,EMP-63846,,CON-002546,,2023-03-31,CON-002546_MeridianTech_LLC.pdf
CON-002593,CONTRACT,VND-01152,EMP-58694,,CON-002593,,2025-09-20,CON-002593_JetStream_Analytics_Inc.pdf
CON-001189,CONTRACT,VND-04955,EMP-68753,,CON-001189,,2025-10-13,CON-001189_OmegaLink_Systems_Inc.pdf
CON-007967,CONTRACT,VND-04051,EMP-25393,,CON-007967,,2025-02-12,CON-007967_JetStream_Analytics_International.pdf
CON-006078,CONTRACT,VND-03362,EMP-37350,,CON-006078,,2024-06-21,CON-006078_SilverPath_Holdings.pdf
CON-000108,CONTRACT,VND-04179,EMP-22048,,CON-000108,,2023-05-08,CON-000108_SkyBridge_Logistics_Inc.pdf
CON-001316,CONTRACT,VND-03448,EMP-32119,,CON-001316,,2025-12-06,CON-001316_VertiLink_Distributors_LLC.pdf
CON-008188,CONTRACT,VND-00350,EMP-CORP-00075,,CON-008188,,2024-02-06,CON-008188_YellowBridge_Partners_Holdings.pdf
CON-002754,CONTRACT,VND-00331,EMP-CORP-00347,,CON-002754,,2023-11-07,CON-002754_ZenithBridge_Corp.pdf
CON-009754,CONTRACT,VND-02739,EMP-70014,,CON-009754,,2024-04-27,CON-009754_PrimeAxis_Corp_Ltd.pdf
CON-006232,CONTRACT,VND-04683,EMP-58795,,CON-006232,,2024-06-07,CON-006232_NorthBridge_Supplies_International.pdf
CON-002877,CONTRACT,VND-04184,EMP-17686,,CON-002877,,2024-06-28,CON-002877_WavePath_Inc_Ltd.pdf
CON-005324,CONTRACT,VND-03208,EMP-22851,,CON-005324,,2026-03-27,CON-005324_TrueNorth_Services_LLC.pdf
CON-000800,CONTRACT,VND-00942,EMP-52880,,CON-000800,,2025-06-25,CON-000800_GreenBridge_Consulting_Holdings.pdf
CON-003571,CONTRACT,VND-04890,EMP-26577,,CON-003571,,2025-05-28,CON-003571_RedPoint_Consulting_Holdings.pdf
CON-002895,CONTRACT,VND-02287,EMP-9344,,CON-002895,,2023-09-20,CON-002895_Delta_Logistics.pdf
CON-002928,CONTRACT,VND-03206,EMP-36906,,CON-002928,,2024-12-19,CON-002928_NexPoint_Analytics_LLC.pdf
CON-008179,CONTRACT,VND-01747,EMP-59980,,CON-008179,,2025-05-06,CON-008179_Alpha_Inc_International.pdf
CON-000972,CONTRACT,VND-00963,EMP-4229,,CON-000972,,2024-04-20,CON-000972_YieldPoint_Partners_Ltd.pdf
CON-006688,CONTRACT,VND-01394,EMP-65178,,CON-006688,,2026-01-02,CON-006688_HorizonEdge_Inc_Group.pdf
CON-008576,CONTRACT,VND-02380,EMP-61663,,CON-008576,,2024-06-05,CON-008576_TrueNorth_Services_Ltd.pdf
CON-002021,CONTRACT,VND-01011,EMP-18203,,CON-002021,,2024-03-01,CON-002021_FlowBridge_Inc_Holdings.pdf
CON-009055,CONTRACT,VND-02500,EMP-55373,,CON-009055,,2023-01-13,CON-009055_ClearPath_Logistics_LLC.pdf
CON-000953,CONTRACT,VND-00531,EMP-4478,,CON-000953,,2025-02-28,CON-000953_VoltEdge_Solutions.pdf
CON-005360,CONTRACT,VND-04954,EMP-RM148,,CON-005360,,2023-01-12,CON-005360_WavePath_Inc.pdf
CON-003858,CONTRACT,VND-00919,EMP-4778,,CON-003858,,2023-04-17,CON-003858_JetStream_Analytics_Holdings.pdf
CON-005862,CONTRACT,VND-02671,EMP-36285,,CON-005862,,2024-12-21,CON-005862_RedPoint_Consulting_Ltd.pdf
CON-003146,CONTRACT,VND-01519,EMP-6644,,CON-003146,,2023-10-02,CON-003146_Epsilon_Group_Group.pdf
CON-003306,CONTRACT,VND-02792,EMP-29524,,CON-003306,,2025-01-02,CON-003306_Beta_Supplies_LLC.pdf
CON-003007,CONTRACT,VND-04702,EMP-51512,,CON-003007,,2023-07-27,CON-003007_BridgeTech_Consulting.pdf
CON-009002,CONTRACT,VND-01038,EMP-RM342,,CON-009002,,2026-02-04,CON-009002_UnityCore_Technologies_Holdings.pdf
CON-007771,CONTRACT,VND-02712,EMP-21904,,CON-007771,,2026-01-26,CON-007771_PrimeAxis_Corp_Group.pdf
CON-007439,CONTRACT,VND-00207,EMP-25219,,CON-007439,,2025-01-02,CON-007439_BridgeTech_Consulting.pdf
CON-007943,CONTRACT,VND-01343,EMP-13552,,CON-007943,,2025-03-08,CON-007943_MomentumCore_Corp_LLC.pdf
CON-009239,CONTRACT,VND-02616,EMP-40738,,CON-009239,,2024-09-05,CON-009239_FlowBridge_Inc_International.pdf
CON-001057,CONTRACT,VND-03831,EMP-17201,,CON-001057,,2026-01-24,CON-001057_JetStream_Analytics_LLC.pdf
CON-003155,CONTRACT,VND-04754,EMP-1396,,CON-003155,,2025-05-14,CON-003155_LatticeCore_Partners_Inc.pdf
CON-003788,CONTRACT,VND-03941,EMP-58546,,CON-003788,,2025-01-12,CON-003788_EcoVenture_Supplies_Group.pdf
CON-009190,CONTRACT,VND-03038,EMP-32091,,CON-009190,,2024-12-17,CON-009190_NexPoint_Analytics.pdf
CON-007826,CONTRACT,VND-01340,EMP-12429,,CON-007826,,2024-01-15,CON-007826_TitanPath_Holdings_International.pdf
CON-007540,CONTRACT,VND-02929,EMP-47098,,CON-007540,,2023-07-10,CON-007540_GreenBridge_Consulting_Group.pdf
CON-007232,CONTRACT,VND-02979,EMP-19456,,CON-007232,,2023-04-11,CON-007232_JadeCore_Solutions_Inc.pdf
EML-APR-00001,EMAIL_APPROVAL_REQUEST,,EMP-RM796,TXN-C1546842815,,,2023-02-06,EML-APR-00001.eml
EML-APR-00002,EMAIL_APPROVAL_REQUEST,,EMP-RM1278,TXN-C28658691,,,2024-11-17,EML-APR-00002.eml
EML-APR-00003,EMAIL_APPROVAL_REQUEST,,EMP-RM899,TXN-C959983859,,,2025-12-28,EML-APR-00003.eml
EML-APR-00004,EMAIL_APPROVAL_REQUEST,,EMP-RM1035,TXN-101635,,,2023-01-04,EML-APR-00004.eml
EML-APR-00005,EMAIL_APPROVAL_REQUEST,,MGR-14.0,TXN-C909777411,,,2025-12-16,EML-APR-00005.eml
EML-APR-00006,EMAIL_APPROVAL_REQUEST,,EMP-RM180,TXN-C1323235180,,,2024-09-18,EML-APR-00006.eml
EML-APR-00007,EMAIL_APPROVAL_REQUEST,,MGR-20.0,TXN-552990,,,2025-08-15,EML-APR-00007.eml
EML-APR-00008,EMAIL_APPROVAL_REQUEST,,EMP-RM277,TXN-994876,,,2023-05-21,EML-APR-00008.eml
EML-APR-00009,EMAIL_APPROVAL_REQUEST,,MGR-18.0,TXN-655500,,,2025-06-01,EML-APR-00009.eml
EML-APR-00010,EMAIL_APPROVAL_REQUEST,,EMP-RM508,TXN-C120999784,,,2024-07-17,EML-APR-00010.eml
EML-APR-00011,EMAIL_APPROVAL_REQUEST,,MGR-19.0,TXN-982528,,,2024-07-15,EML-APR-00011.eml
EML-APR-00012,EMAIL_APPROVAL_REQUEST,,EMP-RM482,TXN-582539,,,2025-06-28,EML-APR-00012.eml
EML-APR-00013,EMAIL_APPROVAL_REQUEST,,EMP-RM1293,TXN-C472117086,,,2025-03-30,EML-APR-00013.eml
EML-APR-00014,EMAIL_APPROVAL_REQUEST,,EMP-RM655,TXN-C163647132,,,2024-07-26,EML-APR-00014.eml
EML-APR-00015,EMAIL_APPROVAL_REQUEST,,EMP-RM996,TXN-C1135189746,,,2023-07-25,EML-APR-00015.eml
EML-APR-00016,EMAIL_APPROVAL_REQUEST,,EMP-RM727,TXN-C1534435611,,,2025-07-19,EML-APR-00016.eml
EML-APR-00017,EMAIL_APPROVAL_REQUEST,,EMP-RM927,TXN-254926,,,2025-09-13,EML-APR-00017.eml
EML-APR-00018,EMAIL_APPROVAL_REQUEST,,MGR-4.0,TXN-562763,,,2025-10-21,EML-APR-00018.eml
EML-APR-00019,EMAIL_APPROVAL_REQUEST,,MGR-17.0,TXN-C467036416,,,2025-07-18,EML-APR-00019.eml
EML-APR-00020,EMAIL_APPROVAL_REQUEST,,EMP-RM771,TXN-266934,,,2024-11-19,EML-APR-00020.eml
EML-APR-00021,EMAIL_APPROVAL_REQUEST,,EMP-RM882,TXN-C290672305,,,2024-08-16,EML-APR-00021.eml
EML-APR-00022,EMAIL_APPROVAL_REQUEST,,EMP-RM583,TXN-133519,,,2025-12-10,EML-APR-00022.eml
EML-APR-00023,EMAIL_APPROVAL_REQUEST,,EMP-RM849,TXN-C1850107823,,,2025-04-06,EML-APR-00023.eml
EML-APR-00024,EMAIL_APPROVAL_REQUEST,,MGR-4.0,TXN-C1708418139,,,2024-09-09,EML-APR-00024.eml
EML-APR-00025,EMAIL_APPROVAL_REQUEST,,EMP-RM618,TXN-C1251709638,,,2024-10-11,EML-APR-00025.eml
EML-APR-00026,EMAIL_APPROVAL_REQUEST,,EMP-RM1327,TXN-C271780574,,,2024-02-11,EML-APR-00026.eml
EML-APR-00027,EMAIL_APPROVAL_REQUEST,,EMP-RM058,TXN-628305,,,2026-01-04,EML-APR-00027.eml
EML-APR-00028,EMAIL_APPROVAL_REQUEST,,MGR-14.0,TXN-C1925960133,,,2023-07-31,EML-APR-00028.eml
EML-APR-00029,EMAIL_APPROVAL_REQUEST,,MGR-22.0,TXN-880158,,,2023-01-16,EML-APR-00029.eml
EML-APR-00030,EMAIL_APPROVAL_REQUEST,,EMP-RM601,TXN-C1537556645,,,2025-08-25,EML-APR-00030.eml
EML-APR-00031,EMAIL_APPROVAL_REQUEST,,EMP-RM1359,TXN-900701,,,2023-03-17,EML-APR-00031.eml
EML-APR-00032,EMAIL_APPROVAL_REQUEST,,MGR-16.0,TXN-564520,,,2023-03-23,EML-APR-00032.eml
EML-APR-00033,EMAIL_APPROVAL_REQUEST,,EMP-RM935,TXN-211431,,,2023-07-12,EML-APR-00033.eml
EML-APR-00034,EMAIL_APPROVAL_REQUEST,,MGR-19.0,TXN-646675,,,2024-04-08,EML-APR-00034.eml
EML-APR-00035,EMAIL_APPROVAL_REQUEST,,EMP-RM983,TXN-C1104169600,,,2024-01-04,EML-APR-00035.eml
EML-APR-00036,EMAIL_APPROVAL_REQUEST,,EMP-RM1099,TXN-698732,,,2025-01-03,EML-APR-00036.eml
EML-APR-00037,EMAIL_APPROVAL_REQUEST,,EMP-RM897,TXN-C761432701,,,2026-04-09,EML-APR-00037.eml
EML-APR-00038,EMAIL_APPROVAL_REQUEST,,EMP-RM991,TXN-847992,,,2024-02-15,EML-APR-00038.eml
EML-APR-00039,EMAIL_APPROVAL_REQUEST,,MGR-2.0,TXN-373711,,,2024-11-09,EML-APR-00039.eml
EML-APR-00040,EMAIL_APPROVAL_REQUEST,,EMP-RM141,TXN-657214,,,2024-12-09,EML-APR-00040.eml
EML-APR-00041,EMAIL_APPROVAL_REQUEST,,EMP-RM1152,TXN-C936544568,,,2024-11-23,EML-APR-00041.eml
EML-APR-00042,EMAIL_APPROVAL_REQUEST,,EMP-RM357,TXN-C1469118334,,,2023-03-14,EML-APR-00042.eml
EML-APR-00043,EMAIL_APPROVAL_REQUEST,,EMP-RM1174,TXN-C1163107288,,,2023-06-29,EML-APR-00043.eml
EML-APR-00044,EMAIL_APPROVAL_REQUEST,,MGR-11.0,TXN-177981,,,2025-07-10,EML-APR-00044.eml
EML-APR-00045,EMAIL_APPROVAL_REQUEST,,EMP-RM880,TXN-604438,,,2023-11-04,EML-APR-00045.eml
EML-APR-00046,EMAIL_APPROVAL_REQUEST,,MGR-11.0,TXN-C767185332,,,2026-01-23,EML-APR-00046.eml
EML-APR-00047,EMAIL_APPROVAL_REQUEST,,MGR-nan,TXN-995211,,,2023-01-29,EML-APR-00047.eml
EML-APR-00048,EMAIL_APPROVAL_REQUEST,,MGR-19.0,TXN-C1969357009,,,2023-06-19,EML-APR-00048.eml
EML-APR-00049,EMAIL_APPROVAL_REQUEST,,EMP-RM1026,TXN-237545,,,2023-04-04,EML-APR-00049.eml
EML-APR-00050,EMAIL_APPROVAL_REQUEST,,EMP-RM031,TXN-C1146076435,,,2024-11-04,EML-APR-00050.eml
EML-APR-00051,EMAIL_APPROVAL_REQUEST,,EMP-RM1090,TXN-C1403139019,,,2023-08-04,EML-APR-00051.eml
EML-APR-00052,EMAIL_APPROVAL_REQUEST,,EMP-RM741,TXN-C1636770273,,,2025-06-03,EML-APR-00052.eml
EML-APR-00053,EMAIL_APPROVAL_REQUEST,,EMP-RM776,TXN-456723,,,2025-10-27,EML-APR-00053.eml
EML-APR-00054,EMAIL_APPROVAL_REQUEST,,EMP-RM644,TXN-C1367071968,,,2023-03-18,EML-APR-00054.eml
EML-APR-00055,EMAIL_APPROVAL_REQUEST,,EMP-RM465,TXN-C8255699,,,2024-09-02,EML-APR-00055.eml
EML-APR-00056,EMAIL_APPROVAL_REQUEST,,MGR-39.0,TXN-596185,,,2025-02-06,EML-APR-00056.eml
EML-APR-00057,EMAIL_APPROVAL_REQUEST,,MGR-39.0,TXN-C1573514695,,,2025-04-30,EML-APR-00057.eml
EML-APR-00058,EMAIL_APPROVAL_REQUEST,,EMP-RM1237,TXN-C708472762,,,2023-01-29,EML-APR-00058.eml
EML-APR-00059,EMAIL_APPROVAL_REQUEST,,EMP-RM532,TXN-744597,,,2025-05-14,EML-APR-00059.eml
EML-APR-00060,EMAIL_APPROVAL_REQUEST,,EMP-RM781,TXN-C136534423,,,2023-02-26,EML-APR-00060.eml
EML-APR-00061,EMAIL_APPROVAL_REQUEST,,EMP-RM030,TXN-214581,,,2025-11-30,EML-APR-00061.eml
EML-APR-00062,EMAIL_APPROVAL_REQUEST,,EMP-RM118,TXN-809939,,,2025-06-07,EML-APR-00062.eml
EML-APR-00063,EMAIL_APPROVAL_REQUEST,,EMP-RM1264,TXN-C381811842,,,2024-08-29,EML-APR-00063.eml
EML-APR-00064,EMAIL_APPROVAL_REQUEST,,EMP-RM1306,TXN-C845388562,,,2024-12-12,EML-APR-00064.eml
EML-APR-00065,EMAIL_APPROVAL_REQUEST,,EMP-RM634,TXN-C1336728738,,,2025-05-15,EML-APR-00065.eml
EML-APR-00066,EMAIL_APPROVAL_REQUEST,,EMP-RM1255,TXN-C1778913597,,,2024-05-21,EML-APR-00066.eml
EML-APR-00067,EMAIL_APPROVAL_REQUEST,,EMP-RM971,TXN-C989255591,,,2024-01-11,EML-APR-00067.eml
EML-APR-00068,EMAIL_APPROVAL_REQUEST,,EMP-RM438,TXN-C1949306298,,,2025-01-19,EML-APR-00068.eml
EML-APR-00069,EMAIL_APPROVAL_REQUEST,,EMP-RM1259,TXN-683878,,,2023-04-12,EML-APR-00069.eml
EML-APR-00070,EMAIL_APPROVAL_REQUEST,,EMP-RM1064,TXN-954568,,,2023-02-24,EML-APR-00070.eml
EML-APR-00071,EMAIL_APPROVAL_REQUEST,,MGR-19.0,TXN-C98235484,,,2023-07-09,EML-APR-00071.eml
EML-APR-00072,EMAIL_APPROVAL_REQUEST,,EMP-RM230,TXN-C1035671179,,,2024-06-19,EML-APR-00072.eml
EML-APR-00073,EMAIL_APPROVAL_REQUEST,,MGR-16.0,TXN-C1535131647,,,2023-10-14,EML-APR-00073.eml
EML-APR-00074,EMAIL_APPROVAL_REQUEST,,EMP-RM461,TXN-C1745365062,,,2026-01-27,EML-APR-00074.eml
EML-APR-00075,EMAIL_APPROVAL_REQUEST,,EMP-RM285,TXN-C816372481,,,2026-01-26,EML-APR-00075.eml
EML-APR-00076,EMAIL_APPROVAL_REQUEST,,EMP-RM1218,TXN-C992489195,,,2026-01-12,EML-APR-00076.eml
EML-APR-00077,EMAIL_APPROVAL_REQUEST,,EMP-RM665,TXN-571763,,,2024-03-12,EML-APR-00077.eml
EML-APR-00078,EMAIL_APPROVAL_REQUEST,,EMP-10048,TXN-732194,,,2023-08-09,EML-APR-00078.eml
EML-APR-00079,EMAIL_APPROVAL_REQUEST,,EMP-RM170,TXN-C1953587158,,,2025-08-13,EML-APR-00079.eml
EML-APR-00080,EMAIL_APPROVAL_REQUEST,,EMP-RM627,TXN-829290,,,2023-11-18,EML-APR-00080.eml
EML-APR-00081,EMAIL_APPROVAL_REQUEST,,MGR-4.0,TXN-654388,,,2025-03-25,EML-APR-00081.eml
EML-APR-00082,EMAIL_APPROVAL_REQUEST,,EMP-RM743,TXN-C1262616616,,,2025-12-14,EML-APR-00082.eml
EML-APR-00083,EMAIL_APPROVAL_REQUEST,,EMP-RM643,TXN-C1374139797,,,2024-11-10,EML-APR-00083.eml
EML-APR-00084,EMAIL_APPROVAL_REQUEST,,MGR-12.0,TXN-518382,,,2025-08-27,EML-APR-00084.eml
EML-APR-00085,EMAIL_APPROVAL_REQUEST,,EMP-RM626,TXN-386571,,,2025-02-21,EML-APR-00085.eml
EML-APR-00086,EMAIL_APPROVAL_REQUEST,,EMP-RM1181,TXN-C64379697,,,2023-08-14,EML-APR-00086.eml
EML-APR-00087,EMAIL_APPROVAL_REQUEST,,EMP-RM219,TXN-C405441528,,,2025-10-24,EML-APR-00087.eml
EML-APR-00088,EMAIL_APPROVAL_REQUEST,,EMP-RM914,TXN-C1837249438,,,2026-03-12,EML-APR-00088.eml
EML-APR-00089,EMAIL_APPROVAL_REQUEST,,EMP-RM985,TXN-687822,,,2024-11-22,EML-APR-00089.eml
EML-APR-00090,EMAIL_APPROVAL_REQUEST,,EMP-RM1208,TXN-C1886612249,,,2023-03-03,EML-APR-00090.eml
EML-APR-00091,EMAIL_APPROVAL_REQUEST,,EMP-RM1133,TXN-C1529865037,,,2025-11-13,EML-APR-00091.eml
EML-APR-00092,EMAIL_APPROVAL_REQUEST,,EMP-RM771,TXN-644016,,,2024-11-05,EML-APR-00092.eml
EML-APR-00093,EMAIL_APPROVAL_REQUEST,,EMP-RM1127,TXN-236344,,,2026-04-29,EML-APR-00093.eml
EML-APR-00094,EMAIL_APPROVAL_REQUEST,,EMP-RM165,TXN-C251318085,,,2023-07-29,EML-APR-00094.eml
EML-APR-00095,EMAIL_APPROVAL_REQUEST,,EMP-RM183,TXN-553274,,,2025-09-21,EML-APR-00095.eml
EML-APR-00096,EMAIL_APPROVAL_REQUEST,,EMP-RM356,TXN-C1836058082,,,2025-06-16,EML-APR-00096.eml
EML-APR-00097,EMAIL_APPROVAL_REQUEST,,MGR-12.0,TXN-297561,,,2024-09-15,EML-APR-00097.eml
EML-APR-00098,EMAIL_APPROVAL_REQUEST,,MGR-16.0,TXN-C509177913,,,2024-11-01,EML-APR-00098.eml
EML-APR-00099,EMAIL_APPROVAL_REQUEST,,MGR-4.0,TXN-C1505507968,,,2024-01-18,EML-APR-00099.eml
EML-APR-00100,EMAIL_APPROVAL_REQUEST,,EMP-RM367,TXN-C1716821363,,,2023-05-16,EML-APR-00100.eml
EML-APR-00101,EMAIL_APPROVAL_REQUEST,,MGR-18.0,TXN-952753,,,2025-02-22,EML-APR-00101.eml
EML-APR-00102,EMAIL_APPROVAL_REQUEST,,EMP-RM399,TXN-C919433564,,,2026-04-11,EML-APR-00102.eml
EML-APR-00103,EMAIL_APPROVAL_REQUEST,,EMP-RM1146,TXN-C907089215,,,2023-06-16,EML-APR-00103.eml
EML-APR-00104,EMAIL_APPROVAL_REQUEST,,EMP-RM550,TXN-635888,,,2026-03-22,EML-APR-00104.eml
EML-APR-00105,EMAIL_APPROVAL_REQUEST,,EMP-RM1337,TXN-C944009331,,,2025-07-06,EML-APR-00105.eml
EML-APR-00106,EMAIL_APPROVAL_REQUEST,,MGR-19.0,TXN-C1391268303,,,2025-02-03,EML-APR-00106.eml
EML-APR-00107,EMAIL_APPROVAL_REQUEST,,EMP-RM539,TXN-113103,,,2026-03-11,EML-APR-00107.eml
EML-APR-00108,EMAIL_APPROVAL_REQUEST,,EMP-RM103,TXN-714828,,,2023-03-08,EML-APR-00108.eml
EML-APR-00109,EMAIL_APPROVAL_REQUEST,,EMP-RM978,TXN-C1168398461,,,2025-07-17,EML-APR-00109.eml
EML-APR-00110,EMAIL_APPROVAL_REQUEST,,EMP-RM828,TXN-196855,,,2024-11-09,EML-APR-00110.eml
EML-ESC-00111,EMAIL_ESCALATION,,EMP-25296,TXN-C772065437,,,2024-04-16,EML-ESC-00111.eml
EML-ESC-00112,EMAIL_ESCALATION,,EMP-651,TXN-139824,,,2024-12-31,EML-ESC-00112.eml
EML-ESC-00113,EMAIL_ESCALATION,,EMP-55350,TXN-385309,,,2024-07-06,EML-ESC-00113.eml
EML-ESC-00114,EMAIL_ESCALATION,,EMP-65460,TXN-C153522405,,,2023-08-22,EML-ESC-00114.eml
EML-ESC-00115,EMAIL_ESCALATION,,EMP-36776,TXN-263638,,,2025-04-27,EML-ESC-00115.eml
EML-ESC-00116,EMAIL_ESCALATION,,EMP-69649,TXN-C1151632027,,,2025-05-20,EML-ESC-00116.eml
EML-ESC-00117,EMAIL_ESCALATION,,EMP-40173,TXN-C151464,,,2026-01-03,EML-ESC-00117.eml
EML-ESC-00118,EMAIL_ESCALATION,,EMP-36997,TXN-692178,,,2023-09-25,EML-ESC-00118.eml
EML-ESC-00119,EMAIL_ESCALATION,,EMP-41152,TXN-C1151461851,,,2024-11-26,EML-ESC-00119.eml
EML-ESC-00120,EMAIL_ESCALATION,,EMP-35494,TXN-C458946139,,,2025-09-27,EML-ESC-00120.eml
EML-ESC-00121,EMAIL_ESCALATION,,EMP-17231,TXN-C365286670,,,2024-03-23,EML-ESC-00121.eml
EML-ESC-00122,EMAIL_ESCALATION,,EMP-41629,TXN-C1135415277,,,2025-11-24,EML-ESC-00122.eml
EML-ESC-00123,EMAIL_ESCALATION,,EMP-24748,TXN-C934119115,,,2023-05-11,EML-ESC-00123.eml
EML-ESC-00124,EMAIL_ESCALATION,,EMP-60112,TXN-385309,,,2025-11-27,EML-ESC-00124.eml
EML-ESC-00125,EMAIL_ESCALATION,,EMP-15608,TXN-C51362851,,,2023-01-24,EML-ESC-00125.eml
EML-ESC-00126,EMAIL_ESCALATION,,EMP-39064,TXN-C65442181,,,2024-07-24,EML-ESC-00126.eml
EML-ESC-00127,EMAIL_ESCALATION,,EMP-43708,TXN-C1895146145,,,2023-07-07,EML-ESC-00127.eml
EML-ESC-00128,EMAIL_ESCALATION,,EMP-23816,TXN-232025,,,2025-01-04,EML-ESC-00128.eml
EML-ESC-00129,EMAIL_ESCALATION,,EMP-8658,TXN-683764,,,2025-04-16,EML-ESC-00129.eml
EML-ESC-00130,EMAIL_ESCALATION,,EMP-63271,TXN-C2007627822,,,2024-05-31,EML-ESC-00130.eml
EML-ESC-00131,EMAIL_ESCALATION,,EMP-53545,TXN-488504,,,2025-05-14,EML-ESC-00131.eml
EML-ESC-00132,EMAIL_ESCALATION,,EMP-70682,TXN-C1085254540,,,2024-11-13,EML-ESC-00132.eml
EML-ESC-00133,EMAIL_ESCALATION,,EMP-5653,TXN-C2023332277,,,2024-02-12,EML-ESC-00133.eml
EML-ESC-00134,EMAIL_ESCALATION,,EMP-RM569,TXN-C2116946740,,,2023-05-16,EML-ESC-00134.eml
EML-ESC-00135,EMAIL_ESCALATION,,EMP-29931,TXN-C1510019626,,,2024-03-10,EML-ESC-00135.eml
EML-ESC-00136,EMAIL_ESCALATION,,EMP-67264,TXN-158436,,,2026-03-13,EML-ESC-00136.eml
EML-ESC-00137,EMAIL_ESCALATION,,EMP-RM1256,TXN-C341893682,,,2025-03-08,EML-ESC-00137.eml
EML-ESC-00138,EMAIL_ESCALATION,,EMP-2276,TXN-C820587705,,,2025-04-06,EML-ESC-00138.eml
EML-ESC-00139,EMAIL_ESCALATION,,EMP-5378,TXN-C1327890777,,,2025-08-25,EML-ESC-00139.eml
EML-ESC-00140,EMAIL_ESCALATION,,EMP-55817,TXN-416453,,,2025-10-14,EML-ESC-00140.eml
EML-ESC-00141,EMAIL_ESCALATION,,EMP-44507,TXN-C250702170,,,2024-11-05,EML-ESC-00141.eml
EML-ESC-00142,EMAIL_ESCALATION,,EMP-59841,TXN-169445,,,2023-08-30,EML-ESC-00142.eml
EML-ESC-00143,EMAIL_ESCALATION,,EMP-68773,TXN-C1369080285,,,2024-10-22,EML-ESC-00143.eml
EML-ESC-00144,EMAIL_ESCALATION,,EMP-3217,TXN-189488,,,2024-04-17,EML-ESC-00144.eml
EML-ESC-00145,EMAIL_ESCALATION,,EMP-19940,TXN-722761,,,2025-02-11,EML-ESC-00145.eml
EML-ESC-00146,EMAIL_ESCALATION,,EMP-CORP-00479,TXN-339009,,,2025-07-07,EML-ESC-00146.eml
EML-ESC-00147,EMAIL_ESCALATION,,EMP-40950,TXN-C1906125788,,,2024-07-20,EML-ESC-00147.eml
EML-ESC-00148,EMAIL_ESCALATION,,EMP-61067,TXN-C1095416506,,,2025-04-14,EML-ESC-00148.eml
EML-ESC-00149,EMAIL_ESCALATION,,EMP-38506,TXN-C1130258687,,,2024-11-30,EML-ESC-00149.eml
EML-ESC-00150,EMAIL_ESCALATION,,EMP-64993,TXN-C576448068,,,2024-08-18,EML-ESC-00150.eml
EML-ESC-00151,EMAIL_ESCALATION,,EMP-22871,TXN-C943373375,,,2025-09-27,EML-ESC-00151.eml
EML-ESC-00152,EMAIL_ESCALATION,,EMP-17977,TXN-768720,,,2025-07-21,EML-ESC-00152.eml
EML-ESC-00153,EMAIL_ESCALATION,,EMP-68533,TXN-C1409342262,,,2023-06-15,EML-ESC-00153.eml
EML-ESC-00154,EMAIL_ESCALATION,,EMP-27749,TXN-870362,,,2025-02-09,EML-ESC-00154.eml
EML-ESC-00155,EMAIL_ESCALATION,,EMP-17101,TXN-141511,,,2023-10-14,EML-ESC-00155.eml
EML-ESC-00156,EMAIL_ESCALATION,,EMP-25640,TXN-C202479188,,,2024-12-11,EML-ESC-00156.eml
EML-ESC-00157,EMAIL_ESCALATION,,EMP-26262,TXN-C619241052,,,2024-01-23,EML-ESC-00157.eml
EML-ESC-00158,EMAIL_ESCALATION,,EMP-23404,TXN-C2034361635,,,2025-06-23,EML-ESC-00158.eml
EML-ESC-00159,EMAIL_ESCALATION,,EMP-38164,TXN-C312483990,,,2024-01-08,EML-ESC-00159.eml
EML-ESC-00160,EMAIL_ESCALATION,,EMP-63419,TXN-C1525055237,,,2024-05-03,EML-ESC-00160.eml
EML-ESC-00161,EMAIL_ESCALATION,,EMP-31779,TXN-C884083729,,,2023-07-12,EML-ESC-00161.eml
EML-ESC-00162,EMAIL_ESCALATION,,EMP-57768,TXN-C540643948,,,2025-05-22,EML-ESC-00162.eml
EML-ESC-00163,EMAIL_ESCALATION,,EMP-58647,TXN-334490,,,2025-07-04,EML-ESC-00163.eml
EML-ESC-00164,EMAIL_ESCALATION,,EMP-4008,TXN-C733714450,,,2025-06-26,EML-ESC-00164.eml
EML-ESC-00165,EMAIL_ESCALATION,,EMP-34435,TXN-C1670549407,,,2025-02-21,EML-ESC-00165.eml
EML-ESC-00166,EMAIL_ESCALATION,,EMP-RM436,TXN-C902315094,,,2025-08-11,EML-ESC-00166.eml
EML-ESC-00167,EMAIL_ESCALATION,,EMP-66707,TXN-C93655660,,,2025-07-25,EML-ESC-00167.eml
EML-ESC-00168,EMAIL_ESCALATION,,EMP-RM724,TXN-C571532390,,,2024-05-26,EML-ESC-00168.eml
EML-ESC-00169,EMAIL_ESCALATION,,EMP-24037,TXN-C1430207342,,,2026-01-24,EML-ESC-00169.eml
EML-ESC-00170,EMAIL_ESCALATION,,EMP-71261,TXN-C1736053438,,,2025-12-06,EML-ESC-00170.eml
EML-ESC-00171,EMAIL_ESCALATION,,EMP-18805,TXN-C263833514,,,2024-11-03,EML-ESC-00171.eml
EML-ESC-00172,EMAIL_ESCALATION,,EMP-7923,TXN-275944,,,2023-02-14,EML-ESC-00172.eml
EML-ESC-00173,EMAIL_ESCALATION,,EMP-64080,TXN-C614065373,,,2026-03-25,EML-ESC-00173.eml
EML-ESC-00174,EMAIL_ESCALATION,,EMP-10744,TXN-435592,,,2024-01-13,EML-ESC-00174.eml
EML-ESC-00175,EMAIL_ESCALATION,,EMP-43058,TXN-282792,,,2026-02-04,EML-ESC-00175.eml
EML-ESC-00176,EMAIL_ESCALATION,,EMP-53003,TXN-C1982440182,,,2025-05-30,EML-ESC-00176.eml
EML-ESC-00177,EMAIL_ESCALATION,,EMP-40137,TXN-C24344628,,,2025-06-05,EML-ESC-00177.eml
EML-ESC-00178,EMAIL_ESCALATION,,EMP-35134,TXN-C1008757853,,,2024-06-07,EML-ESC-00178.eml
EML-ESC-00179,EMAIL_ESCALATION,,EMP-45351,TXN-C565678786,,,2024-05-14,EML-ESC-00179.eml
EML-ESC-00180,EMAIL_ESCALATION,,EMP-49802,TXN-C1646891965,,,2024-05-23,EML-ESC-00180.eml
EML-ESC-00181,EMAIL_ESCALATION,,EMP-52982,TXN-228718,,,2024-08-29,EML-ESC-00181.eml
EML-ESC-00182,EMAIL_ESCALATION,,EMP-45979,TXN-798275,,,2024-11-23,EML-ESC-00182.eml
EML-ESC-00183,EMAIL_ESCALATION,,EMP-62877,TXN-C1342812420,,,2026-03-25,EML-ESC-00183.eml
EML-ESC-00184,EMAIL_ESCALATION,,EMP-29803,TXN-953858,,,2024-10-26,EML-ESC-00184.eml
EML-ESC-00185,EMAIL_ESCALATION,,EMP-68240,TXN-721522,,,2025-02-19,EML-ESC-00185.eml
EML-ESC-00186,EMAIL_ESCALATION,,EMP-10483,TXN-C8972378,,,2025-11-19,EML-ESC-00186.eml
EML-ESC-00187,EMAIL_ESCALATION,,EMP-41666,TXN-C1165658453,,,2025-07-10,EML-ESC-00187.eml
EML-ESC-00188,EMAIL_ESCALATION,,EMP-29128,TXN-C1605651875,,,2023-02-25,EML-ESC-00188.eml
EML-ESC-00189,EMAIL_ESCALATION,,EMP-36738,TXN-727441,,,2025-02-11,EML-ESC-00189.eml
EML-ESC-00190,EMAIL_ESCALATION,,EMP-14196,TXN-C975347430,,,2024-06-01,EML-ESC-00190.eml
EML-ESC-00191,EMAIL_ESCALATION,,EMP-50993,TXN-C1183701566,,,2026-04-24,EML-ESC-00191.eml
EML-ESC-00192,EMAIL_ESCALATION,,EMP-52427,TXN-173892,,,2024-03-17,EML-ESC-00192.eml
EML-ESC-00193,EMAIL_ESCALATION,,EMP-29112,TXN-C19433118,,,2023-07-21,EML-ESC-00193.eml
EML-ESC-00194,EMAIL_ESCALATION,,EMP-54880,TXN-C86125671,,,2023-07-01,EML-ESC-00194.eml
EML-ESC-00195,EMAIL_ESCALATION,,EMP-57331,TXN-C1789087814,,,2025-07-30,EML-ESC-00195.eml
EML-ESC-00196,EMAIL_ESCALATION,,EMP-27221,TXN-C1214899381,,,2023-04-02,EML-ESC-00196.eml
EML-ESC-00197,EMAIL_ESCALATION,,EMP-53084,TXN-111885,,,2025-02-16,EML-ESC-00197.eml
EML-ESC-00198,EMAIL_ESCALATION,,EMP-30206,TXN-C268943817,,,2024-07-14,EML-ESC-00198.eml
EML-ESC-00199,EMAIL_ESCALATION,,EMP-19929,TXN-C1797821749,,,2025-06-28,EML-ESC-00199.eml
EML-ESC-00200,EMAIL_ESCALATION,,EMP-64406,TXN-781492,,,2025-04-27,EML-ESC-00200.eml
EML-CMP-00201,EMAIL_COMPLIANCE_VIOLATION,VND-02270,EMP-68986,,,,2023-06-04,EML-CMP-00201.eml
EML-CMP-00202,EMAIL_COMPLIANCE_VIOLATION,VND-00892,EMP-52160,,,,2023-03-27,EML-CMP-00202.eml
EML-CMP-00203,EMAIL_COMPLIANCE_VIOLATION,VND-04597,EMP-16747,,,,2025-02-01,EML-CMP-00203.eml
EML-CMP-00204,EMAIL_COMPLIANCE_VIOLATION,VND-04980,EMP-36389,,,,2023-02-04,EML-CMP-00204.eml
EML-CMP-00205,EMAIL_COMPLIANCE_VIOLATION,VND-01806,EMP-73367,,,,2023-05-10,EML-CMP-00205.eml
EML-CMP-00206,EMAIL_COMPLIANCE_VIOLATION,VND-03515,EMP-17280,,,,2025-09-16,EML-CMP-00206.eml
EML-CMP-00207,EMAIL_COMPLIANCE_VIOLATION,VND-00312,EMP-3685,,,,2025-11-27,EML-CMP-00207.eml
EML-CMP-00208,EMAIL_COMPLIANCE_VIOLATION,VND-00129,EMP-47022,,,,2024-02-01,EML-CMP-00208.eml
EML-CMP-00209,EMAIL_COMPLIANCE_VIOLATION,VND-03967,EMP-34602,,,,2023-11-25,EML-CMP-00209.eml
EML-CMP-00210,EMAIL_COMPLIANCE_VIOLATION,VND-01453,EMP-59481,,,,2023-12-13,EML-CMP-00210.eml
EML-CMP-00211,EMAIL_COMPLIANCE_VIOLATION,VND-04661,EMP-33132,,,,2025-10-17,EML-CMP-00211.eml
EML-CMP-00212,EMAIL_COMPLIANCE_VIOLATION,VND-04301,EMP-RM1082,,,,2024-06-24,EML-CMP-00212.eml
EML-CMP-00213,EMAIL_COMPLIANCE_VIOLATION,VND-02926,EMP-60991,,,,2025-04-28,EML-CMP-00213.eml
EML-CMP-00214,EMAIL_COMPLIANCE_VIOLATION,VND-04547,EMP-63716,,,,2023-01-23,EML-CMP-00214.eml
EML-CMP-00215,EMAIL_COMPLIANCE_VIOLATION,VND-04144,EMP-5387,,,,2024-05-06,EML-CMP-00215.eml
EML-CMP-00216,EMAIL_COMPLIANCE_VIOLATION,VND-04120,EMP-32354,,,,2025-11-10,EML-CMP-00216.eml
EML-CMP-00217,EMAIL_COMPLIANCE_VIOLATION,VND-02341,EMP-RM1406,,,,2024-02-26,EML-CMP-00217.eml
EML-CMP-00218,EMAIL_COMPLIANCE_VIOLATION,VND-01793,EMP-21532,,,,2024-03-30,EML-CMP-00218.eml
EML-CMP-00219,EMAIL_COMPLIANCE_VIOLATION,VND-03339,EMP-33100,,,,2025-08-10,EML-CMP-00219.eml
EML-CMP-00220,EMAIL_COMPLIANCE_VIOLATION,VND-02438,EMP-11866,,,,2025-09-04,EML-CMP-00220.eml
EML-CMP-00221,EMAIL_COMPLIANCE_VIOLATION,VND-00560,EMP-72235,,,,2026-04-23,EML-CMP-00221.eml
EML-CMP-00222,EMAIL_COMPLIANCE_VIOLATION,VND-00022,EMP-56234,,,,2026-01-11,EML-CMP-00222.eml
EML-CMP-00223,EMAIL_COMPLIANCE_VIOLATION,VND-00311,EMP-49267,,,,2023-06-29,EML-CMP-00223.eml
EML-CMP-00224,EMAIL_COMPLIANCE_VIOLATION,VND-01033,EMP-28028,,,,2024-08-22,EML-CMP-00224.eml
EML-CMP-00225,EMAIL_COMPLIANCE_VIOLATION,VND-02142,EMP-42178,,,,2025-12-30,EML-CMP-00225.eml
EML-CMP-00226,EMAIL_COMPLIANCE_VIOLATION,VND-03175,EMP-28413,,,,2026-04-11,EML-CMP-00226.eml
EML-CMP-00227,EMAIL_COMPLIANCE_VIOLATION,VND-04787,EMP-56009,,,,2024-12-20,EML-CMP-00227.eml
EML-CMP-00228,EMAIL_COMPLIANCE_VIOLATION,VND-04404,EMP-34373,,,,2024-11-30,EML-CMP-00228.eml
EML-CMP-00229,EMAIL_COMPLIANCE_VIOLATION,VND-02483,EMP-62436,,,,2023-08-08,EML-CMP-00229.eml
EML-CMP-00230,EMAIL_COMPLIANCE_VIOLATION,VND-02794,EMP-49583,,,,2025-05-09,EML-CMP-00230.eml
EML-CMP-00231,EMAIL_COMPLIANCE_VIOLATION,VND-00967,EMP-58145,,,,2024-02-03,EML-CMP-00231.eml
EML-CMP-00232,EMAIL_COMPLIANCE_VIOLATION,VND-01089,EMP-38500,,,,2024-09-06,EML-CMP-00232.eml
EML-CMP-00233,EMAIL_COMPLIANCE_VIOLATION,VND-00767,EMP-36954,,,,2024-02-28,EML-CMP-00233.eml
EML-CMP-00234,EMAIL_COMPLIANCE_VIOLATION,VND-00712,EMP-27803,,,,2023-11-12,EML-CMP-00234.eml
EML-CMP-00235,EMAIL_COMPLIANCE_VIOLATION,VND-01540,EMP-42716,,,,2025-08-21,EML-CMP-00235.eml
EML-CMP-00236,EMAIL_COMPLIANCE_VIOLATION,VND-01712,EMP-44167,,,,2024-08-13,EML-CMP-00236.eml
EML-CMP-00237,EMAIL_COMPLIANCE_VIOLATION,VND-03922,EMP-10529,,,,2023-06-06,EML-CMP-00237.eml
EML-CMP-00238,EMAIL_COMPLIANCE_VIOLATION,VND-04773,EMP-59890,,,,2023-09-04,EML-CMP-00238.eml
EML-CMP-00239,EMAIL_COMPLIANCE_VIOLATION,VND-01342,EMP-48371,,,,2023-01-15,EML-CMP-00239.eml
EML-CMP-00240,EMAIL_COMPLIANCE_VIOLATION,VND-00436,EMP-1489,,,,2024-08-06,EML-CMP-00240.eml
EML-CMP-00241,EMAIL_COMPLIANCE_VIOLATION,VND-01049,EMP-46840,,,,2025-03-24,EML-CMP-00241.eml
EML-CMP-00242,EMAIL_COMPLIANCE_VIOLATION,VND-00746,EMP-51360,,,,2024-10-06,EML-CMP-00242.eml
EML-CMP-00243,EMAIL_COMPLIANCE_VIOLATION,VND-01890,EMP-10217,,,,2026-04-17,EML-CMP-00243.eml
EML-CMP-00244,EMAIL_COMPLIANCE_VIOLATION,VND-02806,EMP-70146,,,,2025-11-05,EML-CMP-00244.eml
EML-CMP-00245,EMAIL_COMPLIANCE_VIOLATION,VND-00737,EMP-68816,,,,2024-07-23,EML-CMP-00245.eml
EML-CMP-00246,EMAIL_COMPLIANCE_VIOLATION,VND-00069,EMP-34238,,,,2024-01-26,EML-CMP-00246.eml
EML-CMP-00247,EMAIL_COMPLIANCE_VIOLATION,VND-04088,EMP-27330,,,,2023-09-09,EML-CMP-00247.eml
EML-CMP-00248,EMAIL_COMPLIANCE_VIOLATION,VND-02630,EMP-46354,,,,2023-07-31,EML-CMP-00248.eml
EML-CMP-00249,EMAIL_COMPLIANCE_VIOLATION,VND-01748,EMP-29707,,,,2023-05-15,EML-CMP-00249.eml
EML-CMP-00250,EMAIL_COMPLIANCE_VIOLATION,VND-03813,EMP-24032,,,,2023-07-14,EML-CMP-00250.eml
EML-CMP-00251,EMAIL_COMPLIANCE_VIOLATION,VND-00766,EMP-30980,,,,2025-11-18,EML-CMP-00251.eml
EML-CMP-00252,EMAIL_COMPLIANCE_VIOLATION,VND-03192,EMP-46354,,,,2023-02-09,EML-CMP-00252.eml
EML-CMP-00253,EMAIL_COMPLIANCE_VIOLATION,VND-02599,EMP-54037,,,,2023-03-22,EML-CMP-00253.eml
EML-CMP-00254,EMAIL_COMPLIANCE_VIOLATION,VND-01104,EMP-14737,,,,2025-02-12,EML-CMP-00254.eml
EML-CMP-00255,EMAIL_COMPLIANCE_VIOLATION,VND-00811,EMP-53979,,,,2025-03-30,EML-CMP-00255.eml
EML-CMP-00256,EMAIL_COMPLIANCE_VIOLATION,VND-03321,EMP-19440,,,,2026-02-11,EML-CMP-00256.eml
EML-CMP-00257,EMAIL_COMPLIANCE_VIOLATION,VND-00951,EMP-30061,,,,2024-03-30,EML-CMP-00257.eml
EML-CMP-00258,EMAIL_COMPLIANCE_VIOLATION,VND-04138,EMP-61051,,,,2024-12-23,EML-CMP-00258.eml
EML-CMP-00259,EMAIL_COMPLIANCE_VIOLATION,VND-03699,EMP-41120,,,,2024-08-30,EML-CMP-00259.eml
EML-CMP-00260,EMAIL_COMPLIANCE_VIOLATION,VND-02740,EMP-53800,,,,2025-09-30,EML-CMP-00260.eml
EML-CMP-00261,EMAIL_COMPLIANCE_VIOLATION,VND-02075,EMP-21902,,,,2023-05-27,EML-CMP-00261.eml
EML-CMP-00262,EMAIL_COMPLIANCE_VIOLATION,VND-02863,EMP-27751,,,,2023-09-03,EML-CMP-00262.eml
EML-CMP-00263,EMAIL_COMPLIANCE_VIOLATION,VND-01001,EMP-44798,,,,2024-06-09,EML-CMP-00263.eml
EML-CMP-00264,EMAIL_COMPLIANCE_VIOLATION,VND-04772,EMP-38254,,,,2026-04-10,EML-CMP-00264.eml
EML-CMP-00265,EMAIL_COMPLIANCE_VIOLATION,VND-03950,EMP-4655,,,,2024-05-23,EML-CMP-00265.eml
EML-CMP-00266,EMAIL_COMPLIANCE_VIOLATION,VND-00158,EMP-53664,,,,2025-01-20,EML-CMP-00266.eml
EML-CMP-00267,EMAIL_COMPLIANCE_VIOLATION,VND-03213,EMP-21231,,,,2026-03-26,EML-CMP-00267.eml
EML-CMP-00268,EMAIL_COMPLIANCE_VIOLATION,VND-02031,EMP-22655,,,,2024-01-28,EML-CMP-00268.eml
EML-CMP-00269,EMAIL_COMPLIANCE_VIOLATION,VND-00094,EMP-68418,,,,2026-03-06,EML-CMP-00269.eml
EML-CMP-00270,EMAIL_COMPLIANCE_VIOLATION,VND-04519,EMP-15444,,,,2025-08-24,EML-CMP-00270.eml
EML-CMP-00271,EMAIL_COMPLIANCE_VIOLATION,VND-04874,EMP-50081,,,,2025-01-12,EML-CMP-00271.eml
EML-CMP-00272,EMAIL_COMPLIANCE_VIOLATION,VND-00528,EMP-71586,,,,2023-08-14,EML-CMP-00272.eml
EML-CMP-00273,EMAIL_COMPLIANCE_VIOLATION,VND-03845,EMP-41638,,,,2026-02-20,EML-CMP-00273.eml
EML-CMP-00274,EMAIL_COMPLIANCE_VIOLATION,VND-03687,EMP-48076,,,,2024-01-04,EML-CMP-00274.eml
EML-CMP-00275,EMAIL_COMPLIANCE_VIOLATION,VND-04774,EMP-18383,,,,2023-03-12,EML-CMP-00275.eml
EML-CMP-00276,EMAIL_COMPLIANCE_VIOLATION,VND-02723,EMP-37528,,,,2023-03-11,EML-CMP-00276.eml
EML-CMP-00277,EMAIL_COMPLIANCE_VIOLATION,VND-03735,EMP-24112,,,,2023-09-23,EML-CMP-00277.eml
EML-CMP-00278,EMAIL_COMPLIANCE_VIOLATION,VND-04933,EMP-43223,,,,2023-11-22,EML-CMP-00278.eml
EML-CMP-00279,EMAIL_COMPLIANCE_VIOLATION,VND-03696,EMP-11854,,,,2024-09-07,EML-CMP-00279.eml
EML-CMP-00280,EMAIL_COMPLIANCE_VIOLATION,VND-00992,EMP-10015,,,,2024-07-03,EML-CMP-00280.eml
EML-SUS-00281,EMAIL_SUSPICIOUS_TRANSACTION,VND-03562,EMP-40191,TXN-C1546632922,,,2025-07-31,EML-SUS-00281.eml
EML-SUS-00282,EMAIL_SUSPICIOUS_TRANSACTION,VND-02486,EMP-28891,TXN-C441980080,,,2025-06-03,EML-SUS-00282.eml
EML-SUS-00283,EMAIL_SUSPICIOUS_TRANSACTION,VND-00050,EMP-3333,TXN-C394840929,,,2023-09-08,EML-SUS-00283.eml
EML-SUS-00284,EMAIL_SUSPICIOUS_TRANSACTION,VND-04417,EMP-22304,TXN-202682,,,2025-03-28,EML-SUS-00284.eml
EML-SUS-00285,EMAIL_SUSPICIOUS_TRANSACTION,VND-03333,EMP-1493,TXN-C36374707,,,2024-10-27,EML-SUS-00285.eml
EML-SUS-00286,EMAIL_SUSPICIOUS_TRANSACTION,VND-01423,EMP-37508,TXN-C83939801,,,2023-12-15,EML-SUS-00286.eml
EML-SUS-00287,EMAIL_SUSPICIOUS_TRANSACTION,VND-03462,EMP-52302,TXN-C1826123492,,,2024-07-15,EML-SUS-00287.eml
EML-SUS-00288,EMAIL_SUSPICIOUS_TRANSACTION,VND-00549,EMP-69090,TXN-267123,,,2024-07-23,EML-SUS-00288.eml
EML-SUS-00289,EMAIL_SUSPICIOUS_TRANSACTION,VND-01964,EMP-23873,TXN-C1755638983,,,2026-02-16,EML-SUS-00289.eml
EML-SUS-00290,EMAIL_SUSPICIOUS_TRANSACTION,VND-01275,EMP-10397,TXN-684907,,,2025-06-30,EML-SUS-00290.eml
EML-SUS-00291,EMAIL_SUSPICIOUS_TRANSACTION,VND-03054,EMP-62566,TXN-746843,,,2023-03-09,EML-SUS-00291.eml
EML-SUS-00292,EMAIL_SUSPICIOUS_TRANSACTION,VND-02738,EMP-7115,TXN-893452,,,2024-12-29,EML-SUS-00292.eml
EML-SUS-00293,EMAIL_SUSPICIOUS_TRANSACTION,VND-04449,EMP-RM876,TXN-673666,,,2025-10-10,EML-SUS-00293.eml
EML-SUS-00294,EMAIL_SUSPICIOUS_TRANSACTION,VND-03730,EMP-25556,TXN-496999,,,2024-02-09,EML-SUS-00294.eml
EML-SUS-00295,EMAIL_SUSPICIOUS_TRANSACTION,VND-02630,EMP-23066,TXN-C648039655,,,2023-12-31,EML-SUS-00295.eml
EML-SUS-00296,EMAIL_SUSPICIOUS_TRANSACTION,VND-03630,EMP-6108,TXN-C1114131846,,,2024-01-19,EML-SUS-00296.eml
EML-SUS-00297,EMAIL_SUSPICIOUS_TRANSACTION,VND-03661,EMP-24758,TXN-C1184110081,,,2025-09-22,EML-SUS-00297.eml
EML-SUS-00298,EMAIL_SUSPICIOUS_TRANSACTION,VND-02778,EMP-37454,TXN-C970457718,,,2023-10-06,EML-SUS-00298.eml
EML-SUS-00299,EMAIL_SUSPICIOUS_TRANSACTION,VND-01604,EMP-RM1137,TXN-110489,,,2025-12-13,EML-SUS-00299.eml
EML-SUS-00300,EMAIL_SUSPICIOUS_TRANSACTION,VND-01020,EMP-63524,TXN-908698,,,2024-01-28,EML-SUS-00300.eml
EML-SUS-00301,EMAIL_SUSPICIOUS_TRANSACTION,VND-00550,EMP-RM839,TXN-C458184662,,,2023-11-06,EML-SUS-00301.eml
EML-SUS-00302,EMAIL_SUSPICIOUS_TRANSACTION,VND-03807,EMP-40230,TXN-C1172535934,,,2023-02-02,EML-SUS-00302.eml
EML-SUS-00303,EMAIL_SUSPICIOUS_TRANSACTION,VND-03740,EMP-8847,TXN-495578,,,2025-03-24,EML-SUS-00303.eml
EML-SUS-00304,EMAIL_SUSPICIOUS_TRANSACTION,VND-00786,EMP-66404,TXN-C1925128083,,,2026-02-14,EML-SUS-00304.eml
EML-SUS-00305,EMAIL_SUSPICIOUS_TRANSACTION,VND-02327,EMP-40567,TXN-C1694152498,,,2025-12-28,EML-SUS-00305.eml
EML-SUS-00306,EMAIL_SUSPICIOUS_TRANSACTION,VND-00511,EMP-48307,TXN-531505,,,2025-12-26,EML-SUS-00306.eml
EML-SUS-00307,EMAIL_SUSPICIOUS_TRANSACTION,VND-00539,EMP-17803,TXN-344887,,,2025-11-05,EML-SUS-00307.eml
EML-SUS-00308,EMAIL_SUSPICIOUS_TRANSACTION,VND-00389,EMP-52879,TXN-C854367376,,,2023-12-20,EML-SUS-00308.eml
EML-SUS-00309,EMAIL_SUSPICIOUS_TRANSACTION,VND-02959,EMP-18970,TXN-C1499144714,,,2024-12-20,EML-SUS-00309.eml
EML-SUS-00310,EMAIL_SUSPICIOUS_TRANSACTION,VND-02010,EMP-3097,TXN-714225,,,2025-05-27,EML-SUS-00310.eml
EML-SUS-00311,EMAIL_SUSPICIOUS_TRANSACTION,VND-00464,EMP-22654,TXN-163018,,,2024-01-20,EML-SUS-00311.eml
EML-SUS-00312,EMAIL_SUSPICIOUS_TRANSACTION,VND-00350,EMP-10632,TXN-C1248435962,,,2024-11-26,EML-SUS-00312.eml
EML-SUS-00313,EMAIL_SUSPICIOUS_TRANSACTION,VND-04621,EMP-61565,TXN-664583,,,2023-12-15,EML-SUS-00313.eml
EML-SUS-00314,EMAIL_SUSPICIOUS_TRANSACTION,VND-02273,EMP-CORP-00511,TXN-C742096010,,,2023-03-17,EML-SUS-00314.eml
EML-SUS-00315,EMAIL_SUSPICIOUS_TRANSACTION,VND-03278,EMP-46516,TXN-560305,,,2025-04-21,EML-SUS-00315.eml
EML-SUS-00316,EMAIL_SUSPICIOUS_TRANSACTION,VND-02962,EMP-65186,TXN-C656028320,,,2026-02-10,EML-SUS-00316.eml
EML-SUS-00317,EMAIL_SUSPICIOUS_TRANSACTION,VND-04255,EMP-46382,TXN-295122,,,2025-05-19,EML-SUS-00317.eml
EML-SUS-00318,EMAIL_SUSPICIOUS_TRANSACTION,VND-03331,EMP-66459,TXN-C1250950517,,,2023-12-02,EML-SUS-00318.eml
EML-SUS-00319,EMAIL_SUSPICIOUS_TRANSACTION,VND-01886,EMP-20917,TXN-C1368295389,,,2025-06-09,EML-SUS-00319.eml
EML-SUS-00320,EMAIL_SUSPICIOUS_TRANSACTION,VND-01107,EMP-58952,TXN-C1554215432,,,2023-02-09,EML-SUS-00320.eml
EML-SUS-00321,EMAIL_SUSPICIOUS_TRANSACTION,VND-00136,EMP-68358,TXN-C841450293,,,2024-01-22,EML-SUS-00321.eml
EML-SUS-00322,EMAIL_SUSPICIOUS_TRANSACTION,VND-01207,EMP-34478,TXN-C86125671,,,2024-01-09,EML-SUS-00322.eml
EML-SUS-00323,EMAIL_SUSPICIOUS_TRANSACTION,VND-03241,EMP-8212,TXN-C2048332259,,,2025-03-26,EML-SUS-00323.eml
EML-SUS-00324,EMAIL_SUSPICIOUS_TRANSACTION,VND-03442,EMP-31607,TXN-C771816470,,,2023-06-30,EML-SUS-00324.eml
EML-SUS-00325,EMAIL_SUSPICIOUS_TRANSACTION,VND-03076,EMP-14265,TXN-C802143475,,,2025-12-07,EML-SUS-00325.eml
EML-SUS-00326,EMAIL_SUSPICIOUS_TRANSACTION,VND-02800,EMP-17066,TXN-742594,,,2025-10-18,EML-SUS-00326.eml
EML-SUS-00327,EMAIL_SUSPICIOUS_TRANSACTION,VND-02595,EMP-20150,TXN-240677,,,2024-05-20,EML-SUS-00327.eml
EML-SUS-00328,EMAIL_SUSPICIOUS_TRANSACTION,VND-03036,EMP-9141,TXN-828790,,,2025-10-16,EML-SUS-00328.eml
EML-SUS-00329,EMAIL_SUSPICIOUS_TRANSACTION,VND-04870,EMP-67109,TXN-438631,,,2023-04-24,EML-SUS-00329.eml
EML-SUS-00330,EMAIL_SUSPICIOUS_TRANSACTION,VND-00326,EMP-59967,TXN-C140332829,,,2023-10-10,EML-SUS-00330.eml
EML-SUS-00331,EMAIL_SUSPICIOUS_TRANSACTION,VND-02922,EMP-69936,TXN-C328140385,,,2024-11-01,EML-SUS-00331.eml
EML-SUS-00332,EMAIL_SUSPICIOUS_TRANSACTION,VND-02984,EMP-34784,TXN-C1551920925,,,2024-06-02,EML-SUS-00332.eml
EML-SUS-00333,EMAIL_SUSPICIOUS_TRANSACTION,VND-00713,EMP-16238,TXN-718736,,,2025-09-13,EML-SUS-00333.eml
EML-SUS-00334,EMAIL_SUSPICIOUS_TRANSACTION,VND-00605,EMP-29512,TXN-269205,,,2025-06-06,EML-SUS-00334.eml
EML-SUS-00335,EMAIL_SUSPICIOUS_TRANSACTION,VND-00124,EMP-7880,TXN-565570,,,2023-06-24,EML-SUS-00335.eml
EML-SUS-00336,EMAIL_SUSPICIOUS_TRANSACTION,VND-01195,EMP-22628,TXN-C91444127,,,2023-10-01,EML-SUS-00336.eml
EML-SUS-00337,EMAIL_SUSPICIOUS_TRANSACTION,VND-01972,EMP-47376,TXN-618774,,,2026-02-23,EML-SUS-00337.eml
EML-SUS-00338,EMAIL_SUSPICIOUS_TRANSACTION,VND-04977,EMP-51504,TXN-186759,,,2023-06-25,EML-SUS-00338.eml
EML-SUS-00339,EMAIL_SUSPICIOUS_TRANSACTION,VND-00155,EMP-33440,TXN-C1814893134,,,2024-04-08,EML-SUS-00339.eml
EML-SUS-00340,EMAIL_SUSPICIOUS_TRANSACTION,VND-04274,EMP-70959,TXN-C1322623408,,,2025-09-19,EML-SUS-00340.eml
EML-SUS-00341,EMAIL_SUSPICIOUS_TRANSACTION,VND-01153,EMP-48930,TXN-215598,,,2023-10-21,EML-SUS-00341.eml
EML-SUS-00342,EMAIL_SUSPICIOUS_TRANSACTION,VND-03235,EMP-8150,TXN-C1199095941,,,2024-05-09,EML-SUS-00342.eml
EML-SUS-00343,EMAIL_SUSPICIOUS_TRANSACTION,VND-04904,EMP-49097,TXN-411829,,,2024-06-22,EML-SUS-00343.eml
EML-SUS-00344,EMAIL_SUSPICIOUS_TRANSACTION,VND-02195,EMP-4409,TXN-297561,,,2023-05-29,EML-SUS-00344.eml
EML-SUS-00345,EMAIL_SUSPICIOUS_TRANSACTION,VND-03885,EMP-36488,TXN-C2009864439,,,2023-06-02,EML-SUS-00345.eml
EML-SUS-00346,EMAIL_SUSPICIOUS_TRANSACTION,VND-01527,EMP-42377,TXN-C1631298894,,,2026-04-24,EML-SUS-00346.eml
EML-SUS-00347,EMAIL_SUSPICIOUS_TRANSACTION,VND-01761,EMP-15291,TXN-512952,,,2023-01-28,EML-SUS-00347.eml
EML-SUS-00348,EMAIL_SUSPICIOUS_TRANSACTION,VND-03672,EMP-46629,TXN-806007,,,2024-04-10,EML-SUS-00348.eml
EML-SUS-00349,EMAIL_SUSPICIOUS_TRANSACTION,VND-02177,EMP-70769,TXN-676249,,,2025-08-29,EML-SUS-00349.eml
EML-SUS-00350,EMAIL_SUSPICIOUS_TRANSACTION,VND-02366,EMP-60829,TXN-509358,,,2023-07-01,EML-SUS-00350.eml
EML-SUS-00351,EMAIL_SUSPICIOUS_TRANSACTION,VND-04761,EMP-71823,TXN-290688,,,2024-01-19,EML-SUS-00351.eml
EML-SUS-00352,EMAIL_SUSPICIOUS_TRANSACTION,VND-01806,EMP-61943,TXN-C1885430277,,,2024-11-13,EML-SUS-00352.eml
EML-SUS-00353,EMAIL_SUSPICIOUS_TRANSACTION,VND-02029,EMP-57480,TXN-C1843527667,,,2023-01-12,EML-SUS-00353.eml
EML-SUS-00354,EMAIL_SUSPICIOUS_TRANSACTION,VND-04952,EMP-69820,TXN-830470,,,2025-12-21,EML-SUS-00354.eml
EML-SUS-00355,EMAIL_SUSPICIOUS_TRANSACTION,VND-02498,EMP-8895,TXN-213809,,,2023-08-09,EML-SUS-00355.eml
EML-SUS-00356,EMAIL_SUSPICIOUS_TRANSACTION,VND-02134,EMP-33448,TXN-431561,,,2025-04-27,EML-SUS-00356.eml
EML-SUS-00357,EMAIL_SUSPICIOUS_TRANSACTION,VND-04861,EMP-36108,TXN-227199,,,2025-09-21,EML-SUS-00357.eml
EML-SUS-00358,EMAIL_SUSPICIOUS_TRANSACTION,VND-00174,EMP-456,TXN-449552,,,2024-08-22,EML-SUS-00358.eml
EML-SUS-00359,EMAIL_SUSPICIOUS_TRANSACTION,VND-01240,EMP-44337,TXN-C1954215525,,,2023-11-24,EML-SUS-00359.eml
EML-SUS-00360,EMAIL_SUSPICIOUS_TRANSACTION,VND-02869,EMP-52537,TXN-C890060621,,,2024-02-24,EML-SUS-00360.eml
EML-VND-00361,EMAIL_VENDOR_DISCUSSION,VND-00365,EMP-CORP-00555,,CON-007055,,2023-10-01,EML-VND-00361.eml
EML-VND-00362,EMAIL_VENDOR_DISCUSSION,VND-02504,EMP-RM293,,CON-000443,,2024-09-02,EML-VND-00362.eml
EML-VND-00363,EMAIL_VENDOR_DISCUSSION,VND-00655,EMP-26408,,CON-003955,,2025-04-12,EML-VND-00363.eml
EML-VND-00364,EMAIL_VENDOR_DISCUSSION,VND-04064,EMP-52800,,CON-002289,,2023-09-05,EML-VND-00364.eml
EML-VND-00365,EMAIL_VENDOR_DISCUSSION,VND-01447,EMP-38625,,CON-003197,,2024-12-16,EML-VND-00365.eml
EML-VND-00366,EMAIL_VENDOR_DISCUSSION,VND-00284,EMP-18399,,CON-006179,,2024-08-21,EML-VND-00366.eml
EML-VND-00367,EMAIL_VENDOR_DISCUSSION,VND-00496,EMP-36349,,CON-008352,,2025-08-29,EML-VND-00367.eml
EML-VND-00368,EMAIL_VENDOR_DISCUSSION,VND-03440,EMP-9176,,CON-005659,,2024-10-17,EML-VND-00368.eml
EML-VND-00369,EMAIL_VENDOR_DISCUSSION,VND-01041,EMP-60374,,CON-002066,,2023-08-07,EML-VND-00369.eml
EML-VND-00370,EMAIL_VENDOR_DISCUSSION,VND-00036,EMP-54582,,CON-000414,,2025-11-17,EML-VND-00370.eml
EML-VND-00371,EMAIL_VENDOR_DISCUSSION,VND-02255,EMP-6609,,CON-008595,,2023-12-21,EML-VND-00371.eml
EML-VND-00372,EMAIL_VENDOR_DISCUSSION,VND-01797,EMP-17984,,CON-001806,,2025-12-25,EML-VND-00372.eml
EML-VND-00373,EMAIL_VENDOR_DISCUSSION,VND-04489,EMP-19127,,CON-003632,,2025-05-09,EML-VND-00373.eml
EML-VND-00374,EMAIL_VENDOR_DISCUSSION,VND-03845,EMP-19356,,CON-000838,,2025-08-07,EML-VND-00374.eml
EML-VND-00375,EMAIL_VENDOR_DISCUSSION,VND-03435,EMP-62698,,CON-009323,,2024-06-15,EML-VND-00375.eml
EML-VND-00376,EMAIL_VENDOR_DISCUSSION,VND-01230,EMP-26612,,CON-004187,,2025-11-30,EML-VND-00376.eml
EML-VND-00377,EMAIL_VENDOR_DISCUSSION,VND-02401,EMP-36737,,CON-006569,,2024-09-10,EML-VND-00377.eml
EML-VND-00378,EMAIL_VENDOR_DISCUSSION,VND-02156,EMP-65831,,CON-005402,,2025-07-30,EML-VND-00378.eml
EML-VND-00379,EMAIL_VENDOR_DISCUSSION,VND-04679,EMP-73635,,CON-008468,,2023-08-24,EML-VND-00379.eml
EML-VND-00380,EMAIL_VENDOR_DISCUSSION,VND-04183,EMP-48906,,CON-001996,,2024-11-26,EML-VND-00380.eml
EML-VND-00381,EMAIL_VENDOR_DISCUSSION,VND-03798,EMP-27697,,CON-005154,,2023-07-04,EML-VND-00381.eml
EML-VND-00382,EMAIL_VENDOR_DISCUSSION,VND-02273,EMP-59091,,CON-004922,,2024-05-07,EML-VND-00382.eml
EML-VND-00383,EMAIL_VENDOR_DISCUSSION,VND-02760,EMP-42584,,CON-007756,,2023-01-06,EML-VND-00383.eml
EML-VND-00384,EMAIL_VENDOR_DISCUSSION,VND-03139,EMP-50630,,CON-005493,,2023-02-23,EML-VND-00384.eml
EML-VND-00385,EMAIL_VENDOR_DISCUSSION,VND-03519,EMP-51401,,CON-002594,,2024-08-02,EML-VND-00385.eml
EML-VND-00386,EMAIL_VENDOR_DISCUSSION,VND-04851,EMP-42713,,CON-001746,,2024-04-30,EML-VND-00386.eml
EML-VND-00387,EMAIL_VENDOR_DISCUSSION,VND-02248,EMP-23093,,CON-007399,,2024-04-16,EML-VND-00387.eml
EML-VND-00388,EMAIL_VENDOR_DISCUSSION,VND-02019,EMP-29498,,CON-008047,,2024-06-11,EML-VND-00388.eml
EML-VND-00389,EMAIL_VENDOR_DISCUSSION,VND-01152,EMP-28777,,CON-003831,,2023-09-03,EML-VND-00389.eml
EML-VND-00390,EMAIL_VENDOR_DISCUSSION,VND-03841,EMP-39419,,CON-004872,,2024-03-28,EML-VND-00390.eml
EML-VND-00391,EMAIL_VENDOR_DISCUSSION,VND-03499,EMP-7190,,CON-002098,,2025-06-21,EML-VND-00391.eml
EML-VND-00392,EMAIL_VENDOR_DISCUSSION,VND-00175,EMP-34386,,CON-004873,,2026-03-04,EML-VND-00392.eml
EML-VND-00393,EMAIL_VENDOR_DISCUSSION,VND-01563,EMP-39385,,CON-005434,,2025-09-09,EML-VND-00393.eml
EML-VND-00394,EMAIL_VENDOR_DISCUSSION,VND-03013,EMP-33550,,CON-008712,,2025-05-27,EML-VND-00394.eml
EML-VND-00395,EMAIL_VENDOR_DISCUSSION,VND-01070,EMP-19971,,CON-001811,,2024-10-01,EML-VND-00395.eml
EML-VND-00396,EMAIL_VENDOR_DISCUSSION,VND-03740,EMP-10472,,CON-001092,,2025-01-22,EML-VND-00396.eml
EML-VND-00397,EMAIL_VENDOR_DISCUSSION,VND-04713,EMP-RM337,,CON-007479,,2025-01-24,EML-VND-00397.eml
EML-VND-00398,EMAIL_VENDOR_DISCUSSION,VND-01689,EMP-48444,,CON-006991,,2023-08-24,EML-VND-00398.eml
EML-VND-00399,EMAIL_VENDOR_DISCUSSION,VND-03949,EMP-23759,,CON-002829,,2023-11-23,EML-VND-00399.eml
EML-VND-00400,EMAIL_VENDOR_DISCUSSION,VND-03190,EMP-1738,,CON-002201,,2025-03-09,EML-VND-00400.eml
EML-VND-00401,EMAIL_VENDOR_DISCUSSION,VND-04226,EMP-73411,,CON-003347,,2023-04-16,EML-VND-00401.eml
EML-VND-00402,EMAIL_VENDOR_DISCUSSION,VND-01009,EMP-19361,,CON-007048,,2025-03-29,EML-VND-00402.eml
EML-VND-00403,EMAIL_VENDOR_DISCUSSION,VND-02336,EMP-62347,,CON-008900,,2023-10-26,EML-VND-00403.eml
EML-VND-00404,EMAIL_VENDOR_DISCUSSION,VND-01305,EMP-69480,,CON-000158,,2023-01-17,EML-VND-00404.eml
EML-VND-00405,EMAIL_VENDOR_DISCUSSION,VND-04187,EMP-12250,,CON-006985,,2023-01-27,EML-VND-00405.eml
EML-VND-00406,EMAIL_VENDOR_DISCUSSION,VND-02679,EMP-12378,,CON-001243,,2023-01-04,EML-VND-00406.eml
EML-VND-00407,EMAIL_VENDOR_DISCUSSION,VND-04625,EMP-12883,,CON-000102,,2024-06-24,EML-VND-00407.eml
EML-VND-00408,EMAIL_VENDOR_DISCUSSION,VND-02790,EMP-38319,,CON-004255,,2025-08-18,EML-VND-00408.eml
EML-VND-00409,EMAIL_VENDOR_DISCUSSION,VND-04625,EMP-44491,,CON-004883,,2024-04-21,EML-VND-00409.eml
EML-VND-00410,EMAIL_VENDOR_DISCUSSION,VND-03131,EMP-32495,,CON-008204,,2026-02-18,EML-VND-00410.eml
EML-VND-00411,EMAIL_VENDOR_DISCUSSION,VND-00353,EMP-57517,,CON-009370,,2025-03-16,EML-VND-00411.eml
EML-VND-00412,EMAIL_VENDOR_DISCUSSION,VND-01281,EMP-58681,,CON-009108,,2025-12-29,EML-VND-00412.eml
EML-VND-00413,EMAIL_VENDOR_DISCUSSION,VND-01807,EMP-7331,,CON-007476,,2025-01-08,EML-VND-00413.eml
EML-VND-00414,EMAIL_VENDOR_DISCUSSION,VND-00073,EMP-36241,,CON-009365,,2023-02-22,EML-VND-00414.eml
EML-VND-00415,EMAIL_VENDOR_DISCUSSION,VND-02292,EMP-58571,,CON-007966,,2025-10-29,EML-VND-00415.eml
EML-VND-00416,EMAIL_VENDOR_DISCUSSION,VND-03046,EMP-32539,,CON-006186,,2025-09-16,EML-VND-00416.eml
EML-VND-00417,EMAIL_VENDOR_DISCUSSION,VND-03079,EMP-4300,,CON-000965,,2023-10-11,EML-VND-00417.eml
EML-VND-00418,EMAIL_VENDOR_DISCUSSION,VND-01343,EMP-32451,,CON-003667,,2025-05-09,EML-VND-00418.eml
EML-VND-00419,EMAIL_VENDOR_DISCUSSION,VND-01078,EMP-40154,,CON-002804,,2024-01-22,EML-VND-00419.eml
EML-VND-00420,EMAIL_VENDOR_DISCUSSION,VND-02164,EMP-15628,,CON-009704,,2023-08-21,EML-VND-00420.eml
EML-VND-00421,EMAIL_VENDOR_DISCUSSION,VND-04498,EMP-26828,,CON-003686,,2025-12-27,EML-VND-00421.eml
EML-VND-00422,EMAIL_VENDOR_DISCUSSION,VND-00263,EMP-4973,,CON-007316,,2025-06-06,EML-VND-00422.eml
EML-VND-00423,EMAIL_VENDOR_DISCUSSION,VND-03037,EMP-36226,,CON-002688,,2025-11-19,EML-VND-00423.eml
EML-VND-00424,EMAIL_VENDOR_DISCUSSION,VND-01493,EMP-39078,,CON-007450,,2024-10-02,EML-VND-00424.eml
EML-VND-00425,EMAIL_VENDOR_DISCUSSION,VND-03916,EMP-35175,,CON-002232,,2023-03-08,EML-VND-00425.eml
EML-VND-00426,EMAIL_VENDOR_DISCUSSION,VND-03231,EMP-65278,,CON-004430,,2025-12-03,EML-VND-00426.eml
EML-VND-00427,EMAIL_VENDOR_DISCUSSION,VND-02130,EMP-CORP-00404,,CON-007342,,2024-01-13,EML-VND-00427.eml
EML-VND-00428,EMAIL_VENDOR_DISCUSSION,VND-02800,EMP-63786,,CON-001522,,2024-12-10,EML-VND-00428.eml
EML-VND-00429,EMAIL_VENDOR_DISCUSSION,VND-02234,EMP-54695,,CON-003179,,2025-12-29,EML-VND-00429.eml
EML-VND-00430,EMAIL_VENDOR_DISCUSSION,VND-04563,EMP-1940,,CON-006741,,2024-02-12,EML-VND-00430.eml
EML-VND-00431,EMAIL_VENDOR_DISCUSSION,VND-04639,EMP-28282,,CON-000609,,2024-03-18,EML-VND-00431.eml
EML-VND-00432,EMAIL_VENDOR_DISCUSSION,VND-02446,EMP-69584,,CON-007498,,2024-12-27,EML-VND-00432.eml
EML-VND-00433,EMAIL_VENDOR_DISCUSSION,VND-01932,EMP-59369,,CON-008848,,2025-07-05,EML-VND-00433.eml
EML-VND-00434,EMAIL_VENDOR_DISCUSSION,VND-01788,EMP-15386,,CON-005729,,2023-08-19,EML-VND-00434.eml
EML-VND-00435,EMAIL_VENDOR_DISCUSSION,VND-02827,EMP-20274,,CON-009429,,2023-02-21,EML-VND-00435.eml
EML-VND-00436,EMAIL_VENDOR_DISCUSSION,VND-01210,EMP-34005,,CON-009216,,2026-01-28,EML-VND-00436.eml
EML-VND-00437,EMAIL_VENDOR_DISCUSSION,VND-03976,EMP-9222,,CON-002421,,2024-07-15,EML-VND-00437.eml
EML-VND-00438,EMAIL_VENDOR_DISCUSSION,VND-04236,EMP-19363,,CON-009523,,2025-01-15,EML-VND-00438.eml
EML-VND-00439,EMAIL_VENDOR_DISCUSSION,VND-03451,EMP-24946,,CON-004647,,2025-01-27,EML-VND-00439.eml
EML-VND-00440,EMAIL_VENDOR_DISCUSSION,VND-02535,EMP-10942,,CON-002050,,2026-04-01,EML-VND-00440.eml
EML-AUD-00441,EMAIL_AUDIT_COMMUNICATION,,EMP-2823,,,INV-00253,2023-08-21,EML-AUD-00441.eml
EML-AUD-00442,EMAIL_AUDIT_COMMUNICATION,,EMP-1665,,,INV-00196,2024-10-29,EML-AUD-00442.eml
EML-AUD-00443,EMAIL_AUDIT_COMMUNICATION,,EMP-48023,,,INV-00225,2025-09-23,EML-AUD-00443.eml
EML-AUD-00444,EMAIL_AUDIT_COMMUNICATION,,EMP-50023,,,INV-00500,2023-10-30,EML-AUD-00444.eml
EML-AUD-00445,EMAIL_AUDIT_COMMUNICATION,,EMP-63942,,,INV-00014,2023-11-18,EML-AUD-00445.eml
EML-AUD-00446,EMAIL_AUDIT_COMMUNICATION,,EMP-25672,,,INV-00432,2023-08-11,EML-AUD-00446.eml
EML-AUD-00447,EMAIL_AUDIT_COMMUNICATION,,EMP-29335,,,INV-00403,2025-09-24,EML-AUD-00447.eml
EML-AUD-00448,EMAIL_AUDIT_COMMUNICATION,,EMP-7769,,,INV-00260,2025-11-20,EML-AUD-00448.eml
EML-AUD-00449,EMAIL_AUDIT_COMMUNICATION,,EMP-19132,,,INV-00201,2024-02-27,EML-AUD-00449.eml
EML-AUD-00450,EMAIL_AUDIT_COMMUNICATION,,EMP-52759,,,INV-00433,2025-11-10,EML-AUD-00450.eml
EML-AUD-00451,EMAIL_AUDIT_COMMUNICATION,,EMP-27756,,,INV-00318,2025-11-21,EML-AUD-00451.eml
EML-AUD-00452,EMAIL_AUDIT_COMMUNICATION,,EMP-68361,,,INV-00212,2026-02-14,EML-AUD-00452.eml
EML-AUD-00453,EMAIL_AUDIT_COMMUNICATION,,EMP-62779,,,INV-00011,2025-01-09,EML-AUD-00453.eml
EML-AUD-00454,EMAIL_AUDIT_COMMUNICATION,,EMP-43737,,,INV-00448,2025-09-22,EML-AUD-00454.eml
EML-AUD-00455,EMAIL_AUDIT_COMMUNICATION,,EMP-15035,,,INV-00117,2023-05-04,EML-AUD-00455.eml
EML-AUD-00456,EMAIL_AUDIT_COMMUNICATION,,EMP-55194,,,INV-00138,2023-06-16,EML-AUD-00456.eml
EML-AUD-00457,EMAIL_AUDIT_COMMUNICATION,,EMP-6792,,,INV-00361,2024-10-26,EML-AUD-00457.eml
EML-AUD-00458,EMAIL_AUDIT_COMMUNICATION,,EMP-55056,,,INV-00299,2023-04-06,EML-AUD-00458.eml
EML-AUD-00459,EMAIL_AUDIT_COMMUNICATION,,EMP-55420,,,INV-00080,2025-05-16,EML-AUD-00459.eml
EML-AUD-00460,EMAIL_AUDIT_COMMUNICATION,,EMP-59418,,,INV-00210,2025-01-24,EML-AUD-00460.eml
EML-AUD-00461,EMAIL_AUDIT_COMMUNICATION,,EMP-24900,,,INV-00431,2023-08-17,EML-AUD-00461.eml
EML-AUD-00462,EMAIL_AUDIT_COMMUNICATION,,EMP-CORP-00089,,,INV-00180,2025-12-10,EML-AUD-00462.eml
EML-AUD-00463,EMAIL_AUDIT_COMMUNICATION,,EMP-61121,,,INV-00345,2024-05-13,EML-AUD-00463.eml
EML-AUD-00464,EMAIL_AUDIT_COMMUNICATION,,EMP-37314,,,INV-00306,2025-02-20,EML-AUD-00464.eml
EML-AUD-00465,EMAIL_AUDIT_COMMUNICATION,,EMP-19550,,,INV-00013,2023-01-22,EML-AUD-00465.eml
EML-AUD-00466,EMAIL_AUDIT_COMMUNICATION,,EMP-58252,,,INV-00312,2023-02-23,EML-AUD-00466.eml
EML-AUD-00467,EMAIL_AUDIT_COMMUNICATION,,EMP-22548,,,INV-00213,2023-05-07,EML-AUD-00467.eml
EML-AUD-00468,EMAIL_AUDIT_COMMUNICATION,,EMP-56996,,,INV-00179,2025-08-01,EML-AUD-00468.eml
EML-AUD-00469,EMAIL_AUDIT_COMMUNICATION,,EMP-54444,,,INV-00316,2023-10-13,EML-AUD-00469.eml
EML-AUD-00470,EMAIL_AUDIT_COMMUNICATION,,EMP-45113,,,INV-00072,2024-10-16,EML-AUD-00470.eml
EML-AUD-00471,EMAIL_AUDIT_COMMUNICATION,,EMP-54958,,,INV-00382,2023-05-16,EML-AUD-00471.eml
EML-AUD-00472,EMAIL_AUDIT_COMMUNICATION,,EMP-63647,,,INV-00274,2025-08-20,EML-AUD-00472.eml
EML-AUD-00473,EMAIL_AUDIT_COMMUNICATION,,EMP-4954,,,INV-00244,2024-01-07,EML-AUD-00473.eml
EML-AUD-00474,EMAIL_AUDIT_COMMUNICATION,,EMP-67812,,,INV-00453,2023-08-22,EML-AUD-00474.eml
EML-AUD-00475,EMAIL_AUDIT_COMMUNICATION,,EMP-1266,,,INV-00204,2023-09-18,EML-AUD-00475.eml
EML-AUD-00476,EMAIL_AUDIT_COMMUNICATION,,EMP-29050,,,INV-00409,2025-05-08,EML-AUD-00476.eml
EML-AUD-00477,EMAIL_AUDIT_COMMUNICATION,,EMP-72548,,,INV-00129,2024-10-01,EML-AUD-00477.eml
EML-AUD-00478,EMAIL_AUDIT_COMMUNICATION,,EMP-72376,,,INV-00446,2025-05-06,EML-AUD-00478.eml
EML-AUD-00479,EMAIL_AUDIT_COMMUNICATION,,EMP-60654,,,INV-00141,2024-01-04,EML-AUD-00479.eml
EML-AUD-00480,EMAIL_AUDIT_COMMUNICATION,,EMP-47572,,,INV-00479,2025-03-27,EML-AUD-00480.eml
EML-AUD-00481,EMAIL_AUDIT_COMMUNICATION,,EMP-55761,,,INV-00031,2024-01-20,EML-AUD-00481.eml
EML-AUD-00482,EMAIL_AUDIT_COMMUNICATION,,EMP-53438,,,INV-00178,2024-02-22,EML-AUD-00482.eml
EML-AUD-00483,EMAIL_AUDIT_COMMUNICATION,,EMP-6289,,,INV-00475,2024-04-18,EML-AUD-00483.eml
EML-AUD-00484,EMAIL_AUDIT_COMMUNICATION,,EMP-34073,,,INV-00256,2023-07-13,EML-AUD-00484.eml
EML-AUD-00485,EMAIL_AUDIT_COMMUNICATION,,EMP-46524,,,INV-00060,2024-10-04,EML-AUD-00485.eml
EML-AUD-00486,EMAIL_AUDIT_COMMUNICATION,,EMP-66780,,,INV-00447,2025-05-09,EML-AUD-00486.eml
EML-AUD-00487,EMAIL_AUDIT_COMMUNICATION,,EMP-1137,,,INV-00096,2024-02-10,EML-AUD-00487.eml
EML-AUD-00488,EMAIL_AUDIT_COMMUNICATION,,EMP-24173,,,INV-00354,2025-03-14,EML-AUD-00488.eml
EML-AUD-00489,EMAIL_AUDIT_COMMUNICATION,,EMP-7216,,,INV-00254,2025-03-03,EML-AUD-00489.eml
EML-AUD-00490,EMAIL_AUDIT_COMMUNICATION,,EMP-14943,,,INV-00398,2025-02-17,EML-AUD-00490.eml
EML-AUD-00491,EMAIL_AUDIT_COMMUNICATION,,EMP-17203,,,INV-00193,2024-06-29,EML-AUD-00491.eml
EML-AUD-00492,EMAIL_AUDIT_COMMUNICATION,,EMP-1548,,,INV-00436,2025-07-08,EML-AUD-00492.eml
EML-AUD-00493,EMAIL_AUDIT_COMMUNICATION,,EMP-45,,,INV-00232,2024-08-11,EML-AUD-00493.eml
EML-AUD-00494,EMAIL_AUDIT_COMMUNICATION,,EMP-15197,,,INV-00474,2023-08-20,EML-AUD-00494.eml
EML-AUD-00495,EMAIL_AUDIT_COMMUNICATION,,EMP-50901,,,INV-00364,2024-05-15,EML-AUD-00495.eml
EML-AUD-00496,EMAIL_AUDIT_COMMUNICATION,,EMP-11657,,,INV-00257,2025-10-17,EML-AUD-00496.eml
EML-AUD-00497,EMAIL_AUDIT_COMMUNICATION,,EMP-2876,,,INV-00170,2026-03-17,EML-AUD-00497.eml
EML-AUD-00498,EMAIL_AUDIT_COMMUNICATION,,EMP-21016,,,INV-00029,2025-12-27,EML-AUD-00498.eml
EML-AUD-00499,EMAIL_AUDIT_COMMUNICATION,,EMP-41281,,,INV-00054,2023-09-28,EML-AUD-00499.eml
EML-AUD-00500,EMAIL_AUDIT_COMMUNICATION,,EMP-36807,,,INV-00264,2025-05-16,EML-AUD-00500.eml
INV-00248,INVESTIGATION_REPORT,VND-03407,EMP-17427,TXN-EXT-003382,,INV-00248,2025-11-26,INV-00248_Investigation_Report.pdf
INV-00240,INVESTIGATION_REPORT,VND-02807,EMP-47526,TXN-877660,,INV-00240,2023-02-13,INV-00240_Investigation_Report.pdf
INV-00071,INVESTIGATION_REPORT,VND-04893,EMP-13658,TXN-639806,,INV-00071,2024-01-26,INV-00071_Investigation_Report.pdf
INV-00137,INVESTIGATION_REPORT,VND-02181,EMP-44291,TXN-C1871159793,,INV-00137,2024-07-21,INV-00137_Investigation_Report.pdf
INV-00388,INVESTIGATION_REPORT,VND-03473,EMP-27965,TXN-C1814557349,,INV-00388,2025-06-21,INV-00388_Investigation_Report.pdf
INV-00349,INVESTIGATION_REPORT,VND-01208,EMP-31798,TXN-C458015859,,INV-00349,2024-08-29,INV-00349_Investigation_Report.pdf
INV-00084,INVESTIGATION_REPORT,VND-00776,EMP-48635,TXN-608161,,INV-00084,2024-03-09,INV-00084_Investigation_Report.pdf
INV-00235,INVESTIGATION_REPORT,VND-00627,EMP-22991,TXN-983480,,INV-00235,2024-02-08,INV-00235_Investigation_Report.pdf
INV-00457,INVESTIGATION_REPORT,VND-00695,EMP-32095,TXN-857561,,INV-00457,2025-09-15,INV-00457_Investigation_Report.pdf
INV-00316,INVESTIGATION_REPORT,VND-01996,EMP-44964,TXN-C1243911696,,INV-00316,2024-07-10,INV-00316_Investigation_Report.pdf
INV-00358,INVESTIGATION_REPORT,VND-03111,EMP-19585,TXN-238438,,INV-00358,2023-02-05,INV-00358_Investigation_Report.pdf
INV-00441,INVESTIGATION_REPORT,VND-04506,EMP-20602,TXN-C1033304734,,INV-00441,2023-09-05,INV-00441_Investigation_Report.pdf
INV-00420,INVESTIGATION_REPORT,VND-02200,EMP-13080,TXN-EXT-001145,,INV-00420,2024-05-29,INV-00420_Investigation_Report.pdf
INV-00058,INVESTIGATION_REPORT,VND-03530,EMP-2364,TXN-994363,,INV-00058,2025-04-15,INV-00058_Investigation_Report.pdf
INV-00337,INVESTIGATION_REPORT,VND-00960,EMP-36979,TXN-EXT-000148,,INV-00337,2025-08-12,INV-00337_Investigation_Report.pdf
INV-00489,INVESTIGATION_REPORT,VND-02591,EMP-3467,TXN-EXT-000717,,INV-00489,2024-07-29,INV-00489_Investigation_Report.pdf
INV-00238,INVESTIGATION_REPORT,VND-01735,EMP-48193,TXN-C599316979,,INV-00238,2023-04-04,INV-00238_Investigation_Report.pdf
INV-00299,INVESTIGATION_REPORT,VND-04857,EMP-31380,TXN-279198,,INV-00299,2023-01-30,INV-00299_Investigation_Report.pdf
INV-00332,INVESTIGATION_REPORT,VND-00245,EMP-9606,TXN-811918,,INV-00332,2023-01-13,INV-00332_Investigation_Report.pdf
INV-00061,INVESTIGATION_REPORT,VND-02244,EMP-27517,TXN-C1553712834,,INV-00061,2025-05-22,INV-00061_Investigation_Report.pdf
INV-00129,INVESTIGATION_REPORT,VND-00942,EMP-74065,TXN-735640,,INV-00129,2023-01-30,INV-00129_Investigation_Report.pdf
INV-00191,INVESTIGATION_REPORT,VND-03050,EMP-59581,TXN-C131020100,,INV-00191,2023-02-04,INV-00191_Investigation_Report.pdf
INV-00273,INVESTIGATION_REPORT,VND-02554,EMP-48883,TXN-C908810206,,INV-00273,2023-06-22,INV-00273_Investigation_Report.pdf
INV-00280,INVESTIGATION_REPORT,VND-01194,EMP-53269,TXN-271688,,INV-00280,2025-11-06,INV-00280_Investigation_Report.pdf
INV-00452,INVESTIGATION_REPORT,VND-03612,EMP-46035,TXN-967462,,INV-00452,2024-12-30,INV-00452_Investigation_Report.pdf
INV-00275,INVESTIGATION_REPORT,VND-00105,EMP-38523,TXN-EXT-004463,,INV-00275,2023-11-29,INV-00275_Investigation_Report.pdf
INV-00414,INVESTIGATION_REPORT,VND-03287,EMP-48737,TXN-C2144845715,,INV-00414,2024-03-26,INV-00414_Investigation_Report.pdf
INV-00244,INVESTIGATION_REPORT,VND-00334,EMP-43439,TXN-C1784267005,,INV-00244,2023-11-15,INV-00244_Investigation_Report.pdf
INV-00040,INVESTIGATION_REPORT,VND-02300,EMP-64170,TXN-C981270437,,INV-00040,2023-11-10,INV-00040_Investigation_Report.pdf
INV-00354,INVESTIGATION_REPORT,VND-01342,EMP-68393,TXN-844984,,INV-00354,2025-04-13,INV-00354_Investigation_Report.pdf
INV-00411,INVESTIGATION_REPORT,VND-01351,EMP-66977,TXN-C1042643178,,INV-00411,2026-02-20,INV-00411_Investigation_Report.pdf
INV-00312,INVESTIGATION_REPORT,VND-00387,EMP-63056,TXN-C2083969860,,INV-00312,2025-05-08,INV-00312_Investigation_Report.pdf
INV-00282,INVESTIGATION_REPORT,VND-04946,EMP-4368,TXN-C772968868,,INV-00282,2025-08-25,INV-00282_Investigation_Report.pdf
INV-00320,INVESTIGATION_REPORT,VND-03153,EMP-54166,TXN-C476380859,,INV-00320,2023-11-12,INV-00320_Investigation_Report.pdf
INV-00140,INVESTIGATION_REPORT,VND-03160,EMP-33058,TXN-C1212126210,,INV-00140,2024-03-03,INV-00140_Investigation_Report.pdf
INV-00446,INVESTIGATION_REPORT,VND-01027,EMP-4064,TXN-C1324173038,,INV-00446,2023-11-26,INV-00446_Investigation_Report.pdf
INV-00286,INVESTIGATION_REPORT,VND-01610,EMP-16378,TXN-EXT-000989,,INV-00286,2023-05-12,INV-00286_Investigation_Report.pdf
INV-00459,INVESTIGATION_REPORT,VND-03681,EMP-34257,TXN-696220,,INV-00459,2025-12-30,INV-00459_Investigation_Report.pdf
INV-00221,INVESTIGATION_REPORT,VND-03797,EMP-CORP-00037,TXN-C872890697,,INV-00221,2025-07-04,INV-00221_Investigation_Report.pdf
INV-00373,INVESTIGATION_REPORT,VND-03724,EMP-11768,TXN-125348,,INV-00373,2024-07-14,INV-00373_Investigation_Report.pdf
INV-00424,INVESTIGATION_REPORT,VND-03124,EMP-13172,TXN-C1436306950,,INV-00424,2024-05-13,INV-00424_Investigation_Report.pdf
INV-00204,INVESTIGATION_REPORT,VND-01822,EMP-38845,TXN-C597534690,,INV-00204,2023-06-23,INV-00204_Investigation_Report.pdf
INV-00285,INVESTIGATION_REPORT,VND-02997,EMP-23402,TXN-C1601614336,,INV-00285,2025-02-22,INV-00285_Investigation_Report.pdf
INV-00054,INVESTIGATION_REPORT,VND-03470,EMP-11910,TXN-C1688868596,,INV-00054,2024-05-25,INV-00054_Investigation_Report.pdf
INV-00171,INVESTIGATION_REPORT,VND-00176,EMP-58450,TXN-176694,,INV-00171,2025-06-27,INV-00171_Investigation_Report.pdf
INV-00434,INVESTIGATION_REPORT,VND-04068,EMP-RM768,TXN-C647226268,,INV-00434,2024-08-17,INV-00434_Investigation_Report.pdf
INV-00105,INVESTIGATION_REPORT,VND-04936,EMP-21400,TXN-EXT-002246,,INV-00105,2024-01-07,INV-00105_Investigation_Report.pdf
INV-00345,INVESTIGATION_REPORT,VND-04524,EMP-42249,TXN-C1816845124,,INV-00345,2025-07-30,INV-00345_Investigation_Report.pdf
INV-00118,INVESTIGATION_REPORT,VND-03420,EMP-40795,TXN-744820,,INV-00118,2025-03-25,INV-00118_Investigation_Report.pdf
INV-00017,INVESTIGATION_REPORT,VND-03861,EMP-43647,TXN-C1799292509,,INV-00017,2023-07-12,INV-00017_Investigation_Report.pdf
INV-00222,INVESTIGATION_REPORT,VND-01391,EMP-6578,TXN-C1690642260,,INV-00222,2025-08-09,INV-00222_Investigation_Report.pdf
INV-00369,INVESTIGATION_REPORT,VND-03019,EMP-51374,TXN-C1063777791,,INV-00369,2024-01-07,INV-00369_Investigation_Report.pdf
INV-00130,INVESTIGATION_REPORT,VND-00327,EMP-24489,TXN-860999,,INV-00130,2024-10-27,INV-00130_Investigation_Report.pdf
INV-00458,INVESTIGATION_REPORT,VND-03250,EMP-1429,TXN-C2048227213,,INV-00458,2023-12-29,INV-00458_Investigation_Report.pdf
INV-00278,INVESTIGATION_REPORT,VND-04305,EMP-73841,TXN-C1906019406,,INV-00278,2023-06-26,INV-00278_Investigation_Report.pdf
INV-00401,INVESTIGATION_REPORT,VND-02374,EMP-48048,TXN-C66348462,,INV-00401,2024-02-29,INV-00401_Investigation_Report.pdf
INV-00241,INVESTIGATION_REPORT,VND-03816,EMP-57749,TXN-588736,,INV-00241,2023-06-13,INV-00241_Investigation_Report.pdf
INV-00175,INVESTIGATION_REPORT,VND-03007,EMP-16131,TXN-894944,,INV-00175,2023-11-19,INV-00175_Investigation_Report.pdf
INV-00319,INVESTIGATION_REPORT,VND-02341,EMP-RM013,TXN-C1702953213,,INV-00319,2024-05-04,INV-00319_Investigation_Report.pdf
INV-00493,INVESTIGATION_REPORT,VND-01777,EMP-10426,TXN-C1358847474,,INV-00493,2023-07-11,INV-00493_Investigation_Report.pdf
INV-00399,INVESTIGATION_REPORT,VND-01809,EMP-53581,TXN-C908727678,,INV-00399,2025-11-10,INV-00399_Investigation_Report.pdf
INV-00190,INVESTIGATION_REPORT,VND-02516,EMP-6931,TXN-792204,,INV-00190,2023-09-12,INV-00190_Investigation_Report.pdf
INV-00212,INVESTIGATION_REPORT,VND-00617,EMP-13395,TXN-863476,,INV-00212,2024-07-05,INV-00212_Investigation_Report.pdf
INV-00347,INVESTIGATION_REPORT,VND-04313,EMP-8169,TXN-EXT-002334,,INV-00347,2023-12-21,INV-00347_Investigation_Report.pdf
INV-00379,INVESTIGATION_REPORT,VND-00891,EMP-57797,TXN-725120,,INV-00379,2025-11-06,INV-00379_Investigation_Report.pdf
INV-00145,INVESTIGATION_REPORT,VND-03037,EMP-56726,TXN-C548454569,,INV-00145,2023-04-14,INV-00145_Investigation_Report.pdf
INV-00217,INVESTIGATION_REPORT,VND-00191,EMP-68585,TXN-C156467721,,INV-00217,2024-03-22,INV-00217_Investigation_Report.pdf
INV-00005,INVESTIGATION_REPORT,VND-01825,EMP-26153,TXN-C834785400,,INV-00005,2023-09-28,INV-00005_Investigation_Report.pdf
INV-00407,INVESTIGATION_REPORT,VND-00237,EMP-RM980,TXN-EXT-003441,,INV-00407,2023-12-17,INV-00407_Investigation_Report.pdf
INV-00380,INVESTIGATION_REPORT,VND-03215,EMP-61479,TXN-EXT-003674,,INV-00380,2023-02-26,INV-00380_Investigation_Report.pdf
INV-00027,INVESTIGATION_REPORT,VND-01612,EMP-44608,TXN-C1509645626,,INV-00027,2024-10-25,INV-00027_Investigation_Report.pdf
INV-00449,INVESTIGATION_REPORT,VND-00860,EMP-15972,TXN-403282,,INV-00449,2025-02-06,INV-00449_Investigation_Report.pdf
INV-00485,INVESTIGATION_REPORT,VND-04828,EMP-CORP-00550,TXN-784463,,INV-00485,2026-02-21,INV-00485_Investigation_Report.pdf
INV-00464,INVESTIGATION_REPORT,VND-02322,EMP-6028,TXN-C1108675351,,INV-00464,2024-02-22,INV-00464_Investigation_Report.pdf
INV-00088,INVESTIGATION_REPORT,VND-00257,EMP-71528,TXN-C1590075830,,INV-00088,2023-07-27,INV-00088_Investigation_Report.pdf
INV-00045,INVESTIGATION_REPORT,VND-01734,EMP-34405,TXN-726440,,INV-00045,2023-11-20,INV-00045_Investigation_Report.pdf
INV-00021,INVESTIGATION_REPORT,VND-00769,EMP-22657,TXN-540578,,INV-00021,2025-07-20,INV-00021_Investigation_Report.pdf
INV-00385,INVESTIGATION_REPORT,VND-04858,EMP-7549,TXN-539357,,INV-00385,2025-03-17,INV-00385_Investigation_Report.pdf
INV-00259,INVESTIGATION_REPORT,VND-01573,EMP-69990,TXN-C1215616862,,INV-00259,2024-08-27,INV-00259_Investigation_Report.pdf
INV-00062,INVESTIGATION_REPORT,VND-04363,EMP-37423,TXN-357148,,INV-00062,2023-06-19,INV-00062_Investigation_Report.pdf
INV-00034,INVESTIGATION_REPORT,VND-01286,EMP-1761,TXN-986029,,INV-00034,2024-02-11,INV-00034_Investigation_Report.pdf
INV-00116,INVESTIGATION_REPORT,VND-01248,EMP-54952,TXN-C12709456,,INV-00116,2024-04-21,INV-00116_Investigation_Report.pdf
INV-00089,INVESTIGATION_REPORT,VND-03038,EMP-38106,TXN-EXT-004873,,INV-00089,2025-02-22,INV-00089_Investigation_Report.pdf
INV-00201,INVESTIGATION_REPORT,VND-00633,EMP-20722,TXN-487209,,INV-00201,2023-04-20,INV-00201_Investigation_Report.pdf
INV-00415,INVESTIGATION_REPORT,VND-04990,EMP-15408,TXN-197906,,INV-00415,2024-02-26,INV-00415_Investigation_Report.pdf
INV-00205,INVESTIGATION_REPORT,VND-02227,EMP-1229,TXN-C913934531,,INV-00205,2024-05-12,INV-00205_Investigation_Report.pdf
INV-00325,INVESTIGATION_REPORT,VND-04524,EMP-19451,TXN-317834,,INV-00325,2026-01-04,INV-00325_Investigation_Report.pdf
INV-00156,INVESTIGATION_REPORT,VND-04124,EMP-59829,TXN-364078,,INV-00156,2025-11-08,INV-00156_Investigation_Report.pdf
INV-00138,INVESTIGATION_REPORT,VND-02428,EMP-56161,TXN-659972,,INV-00138,2023-10-01,INV-00138_Investigation_Report.pdf
INV-00314,INVESTIGATION_REPORT,VND-04225,EMP-22616,TXN-837003,,INV-00314,2023-09-18,INV-00314_Investigation_Report.pdf
INV-00144,INVESTIGATION_REPORT,VND-01216,EMP-57558,TXN-C178759475,,INV-00144,2025-06-15,INV-00144_Investigation_Report.pdf
INV-00413,INVESTIGATION_REPORT,VND-02382,EMP-13272,TXN-EXT-004484,,INV-00413,2024-08-10,INV-00413_Investigation_Report.pdf
INV-00283,INVESTIGATION_REPORT,VND-02560,EMP-58904,TXN-892756,,INV-00283,2023-12-25,INV-00283_Investigation_Report.pdf
INV-00008,INVESTIGATION_REPORT,VND-02687,EMP-56844,TXN-716082,,INV-00008,2024-08-14,INV-00008_Investigation_Report.pdf
INV-00425,INVESTIGATION_REPORT,VND-03012,EMP-67108,TXN-750101,,INV-00425,2025-02-01,INV-00425_Investigation_Report.pdf
INV-00231,INVESTIGATION_REPORT,VND-00759,EMP-29340,TXN-C54134077,,INV-00231,2023-11-10,INV-00231_Investigation_Report.pdf
INV-00488,INVESTIGATION_REPORT,VND-04496,EMP-49099,TXN-C1183846879,,INV-00488,2024-08-19,INV-00488_Investigation_Report.pdf
INV-00154,INVESTIGATION_REPORT,VND-00082,EMP-54590,TXN-638782,,INV-00154,2023-03-11,INV-00154_Investigation_Report.pdf
INV-00291,INVESTIGATION_REPORT,VND-04129,EMP-21015,TXN-447281,,INV-00291,2024-12-14,INV-00291_Investigation_Report.pdf
INV-00022,INVESTIGATION_REPORT,VND-00528,EMP-16590,TXN-C561200318,,INV-00022,2024-04-22,INV-00022_Investigation_Report.pdf
MIN-CRM-0001,MEETING_MINUTES,VND-02619,EMP-59544,,CON-000931,INV-00081,2023-04-26,MIN-CRM-0001_Compliance_Review_Meeting.docx
MIN-RCM-0002,MEETING_MINUTES,VND-02768,EMP-27454,,CON-009613,INV-00472,2024-10-25,MIN-RCM-0002_Risk_Committee_Meeting.docx
MIN-RCM-0003,MEETING_MINUTES,VND-02500,EMP-13370,,CON-008314,INV-00259,2025-10-25,MIN-RCM-0003_Risk_Committee_Meeting.docx
MIN-CRM-0004,MEETING_MINUTES,VND-04330,EMP-40427,,CON-002689,INV-00162,2024-10-16,MIN-CRM-0004_Compliance_Review_Meeting.docx
MIN-CRM-0005,MEETING_MINUTES,VND-01400,EMP-31805,,CON-002764,INV-00073,2026-04-25,MIN-CRM-0005_Compliance_Review_Meeting.docx
MIN-RCM-0006,MEETING_MINUTES,VND-04750,EMP-14479,,CON-001402,INV-00308,2023-04-07,MIN-RCM-0006_Risk_Committee_Meeting.docx
MIN-ARM-0007,MEETING_MINUTES,VND-00759,EMP-59715,,CON-006894,INV-00499,2024-05-05,MIN-ARM-0007_Audit_Review_Meeting.docx
MIN-ARM-0008,MEETING_MINUTES,VND-02989,EMP-13627,,CON-004260,INV-00371,2025-04-24,MIN-ARM-0008_Audit_Review_Meeting.docx
MIN-CRM-0009,MEETING_MINUTES,VND-02578,EMP-22006,,CON-001304,INV-00403,2025-10-14,MIN-CRM-0009_Compliance_Review_Meeting.docx
MIN-ARM-0010,MEETING_MINUTES,VND-03824,EMP-6284,,CON-004719,INV-00022,2025-02-07,MIN-ARM-0010_Audit_Review_Meeting.docx
MIN-ARM-0011,MEETING_MINUTES,VND-03714,EMP-69071,,CON-000075,INV-00298,2023-02-10,MIN-ARM-0011_Audit_Review_Meeting.docx
MIN-RCM-0012,MEETING_MINUTES,VND-03373,EMP-46170,,CON-000607,INV-00217,2023-03-02,MIN-RCM-0012_Risk_Committee_Meeting.docx
MIN-RCM-0013,MEETING_MINUTES,VND-00816,EMP-51350,,CON-008821,INV-00186,2025-10-13,MIN-RCM-0013_Risk_Committee_Meeting.docx
MIN-CRM-0014,MEETING_MINUTES,VND-03158,EMP-4994,,CON-003948,INV-00088,2023-04-10,MIN-CRM-0014_Compliance_Review_Meeting.docx
MIN-CRM-0015,MEETING_MINUTES,VND-04458,EMP-RM553,,CON-006626,INV-00381,2025-10-22,MIN-CRM-0015_Compliance_Review_Meeting.docx
MIN-ARM-0016,MEETING_MINUTES,VND-03084,EMP-51469,,CON-006147,INV-00030,2024-09-11,MIN-ARM-0016_Audit_Review_Meeting.docx
MIN-CRM-0017,MEETING_MINUTES,VND-03615,EMP-38311,,CON-004718,INV-00463,2026-02-07,MIN-CRM-0017_Compliance_Review_Meeting.docx
MIN-CRM-0018,MEETING_MINUTES,VND-04262,EMP-65201,,CON-002512,INV-00423,2024-12-05,MIN-CRM-0018_Compliance_Review_Meeting.docx
MIN-ARM-0019,MEETING_MINUTES,VND-01119,EMP-62795,,CON-005186,INV-00398,2023-01-02,MIN-ARM-0019_Audit_Review_Meeting.docx
MIN-CRM-0020,MEETING_MINUTES,VND-01552,EMP-6496,,CON-004776,INV-00163,2024-09-18,MIN-CRM-0020_Compliance_Review_Meeting.docx
MIN-CRM-0021,MEETING_MINUTES,VND-02577,EMP-35635,,CON-001195,INV-00387,2025-04-25,MIN-CRM-0021_Compliance_Review_Meeting.docx
MIN-ARM-0022,MEETING_MINUTES,VND-02883,EMP-71759,,CON-003140,INV-00131,2025-02-07,MIN-ARM-0022_Audit_Review_Meeting.docx
MIN-ARM-0023,MEETING_MINUTES,VND-04027,EMP-RM715,,CON-003724,INV-00077,2025-03-16,MIN-ARM-0023_Audit_Review_Meeting.docx
MIN-ARM-0024,MEETING_MINUTES,VND-01129,EMP-51218,,CON-006053,INV-00492,2025-01-24,MIN-ARM-0024_Audit_Review_Meeting.docx
MIN-CRM-0025,MEETING_MINUTES,VND-02044,EMP-39456,,CON-009819,INV-00212,2025-12-27,MIN-CRM-0025_Compliance_Review_Meeting.docx
MIN-CRM-0026,MEETING_MINUTES,VND-02797,EMP-26149,,CON-001956,INV-00269,2024-04-12,MIN-CRM-0026_Compliance_Review_Meeting.docx
MIN-RCM-0027,MEETING_MINUTES,VND-03857,EMP-31080,,CON-002978,INV-00372,2025-06-14,MIN-RCM-0027_Risk_Committee_Meeting.docx
MIN-CRM-0028,MEETING_MINUTES,VND-01163,EMP-64620,,CON-005472,INV-00072,2025-04-20,MIN-CRM-0028_Compliance_Review_Meeting.docx
MIN-RCM-0029,MEETING_MINUTES,VND-00222,EMP-53230,,CON-001894,INV-00024,2023-05-20,MIN-RCM-0029_Risk_Committee_Meeting.docx
MIN-CRM-0030,MEETING_MINUTES,VND-03767,EMP-60158,,CON-004475,INV-00178,2023-05-30,MIN-CRM-0030_Compliance_Review_Meeting.docx
MIN-RCM-0031,MEETING_MINUTES,VND-03755,EMP-28563,,CON-006124,INV-00030,2024-05-22,MIN-RCM-0031_Risk_Committee_Meeting.docx
MIN-CRM-0032,MEETING_MINUTES,VND-02191,EMP-22736,,CON-001630,INV-00012,2024-08-12,MIN-CRM-0032_Compliance_Review_Meeting.docx
MIN-CRM-0033,MEETING_MINUTES,VND-03452,EMP-9046,,CON-008582,INV-00110,2024-05-04,MIN-CRM-0033_Compliance_Review_Meeting.docx
MIN-ARM-0034,MEETING_MINUTES,VND-03247,EMP-12964,,CON-007443,INV-00279,2024-02-11,MIN-ARM-0034_Audit_Review_Meeting.docx
MIN-RCM-0035,MEETING_MINUTES,VND-03856,EMP-58666,,CON-007680,INV-00086,2023-04-18,MIN-RCM-0035_Risk_Committee_Meeting.docx
MIN-RCM-0036,MEETING_MINUTES,VND-04186,EMP-54685,,CON-004390,INV-00281,2023-07-22,MIN-RCM-0036_Risk_Committee_Meeting.docx
MIN-RCM-0037,MEETING_MINUTES,VND-01042,EMP-39441,,CON-006225,INV-00439,2025-07-04,MIN-RCM-0037_Risk_Committee_Meeting.docx
MIN-ARM-0038,MEETING_MINUTES,VND-01418,EMP-23870,,CON-000843,INV-00280,2025-06-30,MIN-ARM-0038_Audit_Review_Meeting.docx
MIN-CRM-0039,MEETING_MINUTES,VND-00243,EMP-15317,,CON-009998,INV-00404,2026-02-12,MIN-CRM-0039_Compliance_Review_Meeting.docx
MIN-CRM-0040,MEETING_MINUTES,VND-01326,EMP-61748,,CON-005932,INV-00104,2023-05-24,MIN-CRM-0040_Compliance_Review_Meeting.docx
MIN-CRM-0041,MEETING_MINUTES,VND-03297,EMP-69590,,CON-001497,INV-00378,2024-10-13,MIN-CRM-0041_Compliance_Review_Meeting.docx
MIN-ARM-0042,MEETING_MINUTES,VND-04399,EMP-8209,,CON-008824,INV-00022,2023-12-27,MIN-ARM-0042_Audit_Review_Meeting.docx
MIN-RCM-0043,MEETING_MINUTES,VND-00610,EMP-24306,,CON-004420,INV-00343,2023-11-06,MIN-RCM-0043_Risk_Committee_Meeting.docx
MIN-ARM-0044,MEETING_MINUTES,VND-00526,EMP-34286,,CON-006446,INV-00375,2025-12-18,MIN-ARM-0044_Audit_Review_Meeting.docx
MIN-ARM-0045,MEETING_MINUTES,VND-04175,EMP-25437,,CON-006721,INV-00067,2025-06-11,MIN-ARM-0045_Audit_Review_Meeting.docx
MIN-CRM-0046,MEETING_MINUTES,VND-04695,EMP-10012,,CON-009239,INV-00255,2023-07-18,MIN-CRM-0046_Compliance_Review_Meeting.docx
MIN-ARM-0047,MEETING_MINUTES,VND-02188,EMP-51290,,CON-008619,INV-00262,2026-04-23,MIN-ARM-0047_Audit_Review_Meeting.docx
MIN-CRM-0048,MEETING_MINUTES,VND-02508,EMP-37684,,CON-001119,INV-00412,2026-02-01,MIN-CRM-0048_Compliance_Review_Meeting.docx
MIN-ARM-0049,MEETING_MINUTES,VND-02799,EMP-35475,,CON-005503,INV-00473,2025-03-25,MIN-ARM-0049_Audit_Review_Meeting.docx
MIN-ARM-0050,MEETING_MINUTES,VND-04853,EMP-37456,,CON-003167,INV-00210,2024-12-04,MIN-ARM-0050_Audit_Review_Meeting.docx
POL-PROC-001,POLICY,,EMP-59544,,,,2025-01-04,POL-PROC-001_Procurement_Policy.pdf
POL-VEND-002,POLICY,,EMP-50537,,,,2024-06-06,POL-VEND-002_Vendor_Management_Policy.pdf
POL-EXP-003,POLICY,,EMP-42465,,,,2024-03-02,POL-EXP-003_Expense_Reimbursement_Policy.pdf
POL-COMP-004,POLICY,,EMP-41401,,,,2025-05-16,POL-COMP-004_Compliance_Policy.pdf
POL-DOA-005,POLICY,,EMP-33615,,,,2024-06-20,POL-DOA-005_Delegation_of_Authority_Policy.pdf
POL-ABC-006,POLICY,,EMP-13304,,,,2025-10-17,POL-ABC-006_Anti-Bribery_and_Corruption_Policy.pdf
POL-COI-007,POLICY,,EMP-38642,,,,2025-08-01,POL-COI-007_Conflict_of_Interest_Policy.pdf
POL-DPP-008,POLICY,,EMP-59317,,,,2023-05-03,POL-DPP-008_Data_Protection_and_Privacy_Policy.pdf
POL-ISEC-009,POLICY,,EMP-63923,,,,2024-05-27,POL-ISEC-009_Information_Security_Policy.pdf
POL-CTM-010,POLICY,,EMP-711,,,,2025-07-28,POL-CTM-010_Contract_Management_Policy.pdf
POL-TEP-011,POLICY,,EMP-72271,,,,2024-08-13,POL-TEP-011_Travel_and_Entertainment_Policy.pdf
POL-WB-012,POLICY,,EMP-18219,,,,2023-10-31,POL-WB-012_Whistleblower_Protection_Policy.pdf
POL-IAC-013,POLICY,,EMP-12683,,,,2025-07-27,POL-IAC-013_Internal_Audit_Charter.pdf
POL-FRM-014,POLICY,,EMP-52934,,,,2023-03-24,POL-FRM-014_Fraud_Risk_Management_Policy.pdf
POL-TPRM-015,POLICY,,EMP-10485,,,,2023-04-30,POL-TPRM-015_Third-Party_Risk_Management_Policy.pdf
POL-SOD-016,POLICY,,EMP-45268,,,,2023-09-06,POL-SOD-016_Segregation_of_Duties_Policy.pdf
POL-RRP-017,POLICY,,EMP-65848,,,,2024-05-03,POL-RRP-017_Record_Retention_Policy.pdf
POL-POA-018,POLICY,,EMP-3435,,,,2024-01-23,POL-POA-018_Purchase_Order_Authorization_Policy.pdf
POL-COBE-019,POLICY,,EMP-51177,,,,2023-03-25,POL-COBE-019_Code_of_Business_Conduct_and_Ethics.pdf
POL-SANC-020,POLICY,,EMP-59119,,,,2024-08-31,POL-SANC-020_Sanctions_and_Export_Control_Policy.pdf
SOP-VOB-001,SOP,,EMP-59544,,,,2025-05-14,SOP-VOB-001_Vendor_Onboarding_SOP.pdf
SOP-POA-002,SOP,,EMP-26652,,,,2024-08-30,SOP-POA-002_Purchase_Order_Approval_SOP.pdf
SOP-EXP-003,SOP,,EMP-31635,,,,2023-05-28,SOP-EXP-003_Expense_Claim_Processing_SOP.pdf
SOP-VCR-004,SOP,,EMP-55039,,,,2024-01-10,SOP-VCR-004_Vendor_Compliance_Reassessment_SOP.pdf
SOP-TAE-005,SOP,,EMP-70174,,,,2023-06-24,SOP-TAE-005_Transaction_Approval_Escalation_SOP.pdf
SOP-CRT-006,SOP,,EMP-6338,,,,2025-04-23,SOP-CRT-006_Contract_Renewal_and_Termination_SOP.pdf
SOP-STI-007,SOP,,MGR-12.0,,,,2025-08-12,SOP-STI-007_Suspicious_Transaction_Investigation_SOP.pdf
SOP-SOD-008,SOP,,EMP-49963,,,,2023-12-10,SOP-SOD-008_Segregation_of_Duties_Control_SOP.pdf
SOP-GEC-009,SOP,,EMP-2380,,,,2025-09-10,SOP-GEC-009_Ghost_Employee_-_Terminated_Approver_Control_SOP.pdf
SOP-DID-010,SOP,,EMP-52981,,,,2025-08-13,SOP-DID-010_Duplicate_Invoice_Detection_SOP.pdf
SOP-HRP-011,SOP,,EMP-66553,,,,2024-10-18,SOP-HRP-011_High-Risk_Vendor_Payment_Hold_SOP.pdf
SOP-AEC-012,SOP,,EMP-42659,,,,2024-07-11,SOP-AEC-012_Audit_Evidence_Collection_and_Retention_SOP.pdf
SOP-SPD-013,SOP,,EMP-2505,,,,2023-02-13,SOP-SPD-013_Split_Purchase_Detection_SOP.pdf
SOP-WBI-014,SOP,,EMP-16318,,,,2025-08-05,SOP-WBI-014_Whistleblower_Report_Intake_SOP.pdf
SOP-MFC-015,SOP,,EMP-34142,,,,2024-02-21,SOP-MFC-015_Month-End_Financial_Control_Reconciliation_SOP.pdf
